Customer_Category,Cust_State,Sales,Order_zone,Price,Transcation,Dept_Name,Profit_Ratio,Discount,Quantity,Order_Profit,Product_type,ProductLength,ProductWeight,Dispatched,Shipping_Class,Scheduled_Shipping,Warehouse_Region,Delivery_Review,Session_Ordered,WeekdayOrder,Predicted_Dept_Name
consumer,HP,436.0,north,28475.07,Debit,fan shop,-0.19,0.03,1,-5406.64,fragile,10.0,210.0,0,2a,3,west,2.0,1.0,0,3
corporate,BR,96.0,south,9248.6,Debit,apparel,-0.24,0.25,1,-2216.75,fragile,32.0,353.0,0,standard,6,south,3.0,1.0,1,0
consumer,WB,138.0,central,3515.51,Credit,fan shop,0.35,0.1,3,1229.2,not fragile,205.0,26041.0,0,2a,5,central,2.0,1.0,1,3
others,OR,440.0,east,42527.57,UPI,footwear,0.39,0.25,1,16585.09,fragile,47.0,316.0,1,standard,4,central,2.0,1.0,0,8
consumer,OR,46.0,central,3471.2,Credit,fan shop,-0.06,0.12,1,-205.42,fragile,44.0,1025.0,0,2a,5,south,3.0,3.0,1,6
corporate,UK,142.0,north,9291.88,Credit,apparel,0.28,0.0,1,2600.68,not fragile,208.0,38473.0,1,1a,2,north,3.0,2.0,1,0
corporate,JK,44.0,south,1087.64,UPI,outdoors,0.13,0.06,3,142.36,fragile,176.0,3642.0,1,standard,3,north,3.0,2.0,0,8
consumer,JK,162.0,west,4225.34,Debit,apparel,0.1,0.18,3,423.94,not fragile,53.0,359.0,0,1a,2,north,2.0,3.0,1,0
others,MA,349.0,north,7021.54,Cash,footwear,0.29,0.18,4,2037.34,fragile,83.0,98.0,0,1a,2,ne,3.0,2.0,0,5
consumer,MA,197.0,north,14225.2,UPI,fan shop,-0.04,0.03,1,-565.59,fragile,28.0,1033.0,0,standard,4,central,4.0,3.0,1,3
corporate,PB,66.0,central,3686.14,Debit,fan shop,0.1,0.11,1,369.6,fragile,82.0,1430.0,1,standard,3,north,5.0,2.0,0,6
consumer,TEL,369.0,east,28558.21,Debit,fan shop,0.48,0.07,1,13706.15,fragile,80.0,1246.0,1,standard,3,north,2.0,2.0,1,3
consumer,PB,82.0,west,4305.76,Debit,apparel,0.48,0.18,2,2063.07,fragile,84.0,19841.0,1,standard,3,west,4.0,2.0,1,0
consumer,OR,96.0,east,9316.99,Debit,apparel,0.38,0.1,1,3540.25,not fragile,84.0,504.0,0,standard,3,west,4.0,3.0,1,0
corporate,HP,72.0,south,3578.72,Debit,fan shop,-0.21,0.06,2,-748.3,fragile,119.0,1842.0,0,standard,2,south,3.0,2.0,0,6
consumer,MA,122.0,central,9383.45,Debit,apparel,0.48,0.0,1,4501.64,not fragile,96.0,2216.0,0,standard,3,north,4.0,1.0,0,0
others,HP,294.0,central,28505.3,Debit,fan shop,-0.81,0.25,1,-23080.84,fragile,46.0,2171.0,0,standard,3,north,4.0,2.0,0,3
consumer,BR,138.0,central,2752.21,Cash,golf,0.34,0.16,3,935.14,not fragile,94.0,2299.0,0,2a,5,south,5.0,2.0,1,6
corporate,UP,296.0,east,21294.17,Credit,fan shop,0.01,0.16,1,214.29,not fragile,37.0,1930.0,0,standard,4,west,4.0,1.0,0,3
consumer,MA,394.0,east,28468.81,Debit,fan shop,0.5,0.04,1,14232.27,not fragile,71.0,251.0,1,1a,2,north,2.0,3.0,0,3
others,OR,226.0,north,21440.15,Debit,fan shop,-0.74,0.19,1,-15858.21,fragile,124.0,3568.0,0,elite,0,ne,2.0,2.0,1,3
corporate,UK,90.0,south,2839.68,Credit,golf,0.32,0.19,3,908.34,fragile,163.0,9585.0,0,standard,6,north,4.0,2.0,0,6
consumer,KL,297.0,west,7011.91,UPI,footwear,0.06,0.02,3,422.18,fragile,51.0,111.0,1,standard,2,central,2.0,1.0,1,5
corporate,OR,222.0,north,14120.75,UPI,fan shop,0.04,0.11,1,567.35,not fragile,83.0,2534.0,1,standard,5,north,4.0,1.0,0,3
corporate,BR,199.0,west,3636.25,Debit,golf,0.5,0.16,5,1818.13,fragile,161.0,1405.0,0,standard,6,central,2.0,3.0,1,6
consumer,TEL,75.0,west,3477.92,UPI,fan shop,0.1,0.12,2,349.17,fragile,126.0,2963.0,1,standard,5,north,2.0,2.0,1,6
consumer,BR,159.0,north,14197.22,UPI,fan shop,0.48,0.11,1,6812.58,fragile,63.0,2113.0,0,standard,4,ne,3.0,3.0,0,3
consumer,TEL,140.0,east,2194.81,Debit,golf,0.29,0.06,5,637.49,not fragile,167.0,2762.0,0,elite,2,west,4.0,3.0,0,8
consumer,KA,132.0,east,4211.23,Debit,apparel,0.29,0.16,2,1221.09,fragile,162.0,8019.0,1,standard,6,west,4.0,1.0,1,0
others,MA,90.0,east,4414.42,UPI,apparel,0.06,0.04,2,265.76,not fragile,193.0,20296.0,0,standard,4,central,4.0,2.0,0,0
consumer,AP,31.0,central,1697.85,Credit,outdoors,0.37,0.25,1,628.22,fragile,186.0,2498.0,0,1a,2,south,2.0,3.0,0,8
consumer,JK,148.0,west,3646.17,Debit,fan shop,0.31,0.1,3,1130.1,not fragile,58.0,353.0,1,2a,5,central,4.0,2.0,0,6
consumer,MA,324.0,east,21297.47,Credit,fan shop,0.16,0.07,1,3408.92,fragile,194.0,41448.0,1,standard,5,central,3.0,3.0,0,3
corporate,MA,173.0,central,7225.64,UPI,footwear,0.47,0.12,2,3393.29,not fragile,204.0,33033.0,1,1a,2,central,2.0,2.0,1,5
consumer,TEL,81.0,west,3538.29,Debit,golf,0.29,0.06,2,1027.5,not fragile,124.0,2997.0,0,1a,4,south,3.0,3.0,0,6
consumer,BR,125.0,north,9221.59,Credit,apparel,0.35,0.04,1,3228.18,fragile,98.0,3260.0,0,2a,5,central,5.0,1.0,0,0
consumer,HP,127.0,north,9251.82,Credit,apparel,-0.48,0.01,1,-4435.9,not fragile,173.0,33281.0,0,2a,2,ne,3.0,1.0,0,0
consumer,TEL,137.0,central,7120.29,Debit,footwear,0.32,0.1,1,2276.94,not fragile,25.0,1085.0,0,2a,4,north,3.0,3.0,0,5
others,HP,94.0,west,4412.09,Credit,apparel,0.21,0.1,1,925.84,not fragile,45.0,176.0,1,standard,6,west,2.0,2.0,0,0
consumer,GJ,274.0,east,3465.0,Debit,golf,0.26,0.07,5,901.11,fragile,39.0,988.0,1,standard,5,north,3.0,2.0,1,6
others,KL,241.0,east,3546.25,Credit,golf,0.0,0.06,5,2.53,fragile,25.0,286.0,0,standard,4,south,5.0,1.0,1,6
consumer,AP,219.0,south,3615.77,Debit,golf,0.35,0.03,5,1265.19,fragile,38.0,1088.0,0,standard,4,north,4.0,1.0,0,3
corporate,GJ,91.0,north,3644.54,UPI,golf,0.37,0.0,1,1347.51,not fragile,49.0,962.0,1,standard,2,central,3.0,3.0,1,6
consumer,HP,217.0,south,14118.94,Debit,fan shop,0.02,0.02,1,283.3,fragile,135.0,1395.0,0,standard,4,central,2.0,2.0,1,3
others,AR,194.0,west,14297.21,Debit,fan shop,0.47,0.21,1,6716.92,fragile,65.0,265.0,0,standard,2,north,3.0,1.0,1,3
consumer,PB,28.0,central,2927.54,Credit,golf,0.29,0.25,1,849.09,not fragile,61.0,1786.0,1,1a,2,south,5.0,3.0,1,6
consumer,BR,198.0,central,14138.29,Debit,fan shop,0.37,0.12,1,5228.45,not fragile,47.0,2139.0,0,standard,4,ne,4.0,1.0,0,3
others,MA,33.0,west,3689.02,UPI,fan shop,0.35,0.06,1,1291.94,fragile,207.0,17774.0,0,2a,3,west,3.0,2.0,1,3
corporate,WB,284.0,east,4212.66,Debit,apparel,0.1,0.18,5,422.48,fragile,87.0,1921.0,1,elite,2,west,2.0,3.0,0,0
consumer,KA,118.0,central,3637.83,UPI,golf,-0.07,0.06,2,-251.76,not fragile,167.0,3610.0,0,standard,3,west,2.0,2.0,0,6
consumer,MP,228.0,west,21438.0,Credit,fan shop,0.29,0.18,1,6216.76,fragile,125.0,1091.0,0,standard,6,west,3.0,1.0,0,3
others,BR,97.0,east,6046.37,Cash,pet shop,0.26,0.07,1,1570.81,not fragile,64.0,2090.0,1,2a,3,south,4.0,2.0,0,Other
corporate,GJ,58.0,east,1541.5,Credit,outdoors,0.35,0.06,1,537.32,not fragile,126.0,1486.0,0,standard,5,north,3.0,1.0,1,8
consumer,JK,135.0,central,3506.16,UPI,golf,-0.04,0.01,2,-137.81,not fragile,11.0,157.0,0,1a,2,south,4.0,1.0,0,6
corporate,GJ,128.0,north,14172.12,UPI,fan shop,0.35,0.25,1,4959.96,not fragile,62.0,1194.0,0,2a,5,south,2.0,3.0,0,3
consumer,KL,230.0,east,3531.89,Credit,fan shop,0.47,0.01,4,1658.27,fragile,31.0,240.0,0,standard,4,central,4.0,1.0,0,6
corporate,UP,179.0,east,3558.5,Credit,fan shop,0.48,0.25,5,1705.57,not fragile,25.0,2148.0,1,2a,3,south,4.0,3.0,0,6
consumer,KA,229.0,south,14960.59,UPI,apparel,0.48,0.16,1,7177.35,not fragile,55.0,679.0,0,2a,5,south,2.0,2.0,0,0
others,MP,296.0,central,21441.11,Debit,fan shop,0.06,0.04,1,1289.05,not fragile,177.0,1555.0,1,standard,3,south,4.0,2.0,0,3
consumer,UK,186.0,west,14248.93,Debit,fan shop,0.37,0.02,1,5270.49,fragile,122.0,2271.0,0,1a,4,west,2.0,3.0,0,3
corporate,JK,186.0,central,3547.53,Credit,fan shop,0.28,0.19,5,993.71,not fragile,48.0,962.0,0,standard,4,south,3.0,2.0,0,6
consumer,AR,230.0,south,3596.94,UPI,golf,0.5,0.1,4,1797.92,fragile,31.0,482.0,1,standard,3,south,5.0,3.0,1,6
consumer,RJ,102.0,central,3542.65,Debit,fan shop,0.47,0.13,2,1664.11,fragile,49.0,1184.0,1,1a,4,west,3.0,3.0,0,6
consumer,OR,93.0,east,9333.88,UPI,apparel,0.13,0.25,1,1215.24,fragile,184.0,2497.0,0,2a,4,south,2.0,1.0,1,0
corporate,PB,205.0,east,4314.54,Debit,apparel,0.15,0.02,3,648.66,not fragile,158.0,2406.0,1,standard,3,ne,4.0,3.0,0,0
others,BR,225.0,east,3603.5,UPI,fan shop,0.37,0.02,4,1331.15,not fragile,85.0,104.0,0,standard,4,north,2.0,1.0,1,6
consumer,UK,125.0,south,2870.57,Debit,golf,-0.63,0.11,4,-1802.32,fragile,177.0,1029.0,0,standard,4,central,4.0,3.0,1,6
corporate,MP,191.0,central,4189.27,Credit,apparel,0.45,0.13,3,1881.79,not fragile,118.0,2706.0,0,standard,3,ne,4.0,3.0,1,0
corporate,PB,197.0,west,3528.67,UPI,golf,0.26,0.03,4,916.72,fragile,54.0,1503.0,0,standard,3,north,4.0,2.0,1,6
corporate,PB,216.0,north,21255.17,UPI,fan shop,0.26,0.21,1,5525.89,fragile,87.0,1774.0,1,standard,4,north,5.0,2.0,0,3
consumer,AR,104.0,east,1064.24,UPI,outdoors,0.48,0.21,5,509.95,not fragile,100.0,12192.0,0,standard,3,south,3.0,3.0,1,8
others,JK,229.0,north,3593.02,Credit,fan shop,0.35,0.25,5,1255.65,not fragile,151.0,1061.0,1,standard,2,ne,4.0,3.0,1,3
consumer,UK,60.0,west,3528.17,UPI,fan shop,0.35,0.0,1,1232.93,fragile,167.0,2594.0,1,standard,5,north,2.0,2.0,0,6
consumer,OR,275.0,east,4209.58,UPI,apparel,-0.19,0.06,4,-796.47,not fragile,178.0,1823.0,0,1a,2,central,3.0,2.0,1,0
others,TEL,87.0,south,7067.81,UPI,footwear,0.11,0.1,1,779.12,not fragile,67.0,113.0,1,standard,3,central,2.0,1.0,1,5
consumer,GJ,331.0,central,28557.22,Debit,fan shop,0.48,0.19,1,13704.73,fragile,130.0,2981.0,0,2a,6,west,5.0,2.0,1,3
consumer,WB,117.0,north,1798.18,Debit,fitness,0.35,0.11,5,629.2,fragile,75.0,1452.0,0,standard,5,north,4.0,3.0,1,8
consumer,WB,139.0,north,2199.3,Debit,golf,0.16,0.04,4,351.69,not fragile,64.0,1444.0,1,2a,5,west,4.0,1.0,1,8
consumer,JK,236.0,west,3563.1,UPI,golf,-0.67,0.01,4,-2378.13,not fragile,28.0,458.0,0,standard,3,central,4.0,2.0,1,6
consumer,AP,33.0,north,3530.37,UPI,fan shop,0.48,0.19,1,1694.27,fragile,210.0,21378.0,0,standard,5,north,4.0,1.0,0,3
corporate,TEL,165.0,west,2754.41,Debit,golf,0.35,0.16,5,964.42,not fragile,182.0,37841.0,0,2a,4,central,4.0,3.0,1,6
corporate,AP,355.0,central,28488.22,Debit,fan shop,0.26,0.13,1,7406.78,not fragile,86.0,9608.0,1,1a,2,central,3.0,2.0,0,3
consumer,AP,74.0,central,3667.82,UPI,golf,-0.81,0.13,2,-2960.93,not fragile,63.0,2086.0,1,standard,6,central,3.0,1.0,1,6
consumer,JK,85.0,central,1531.35,UPI,fitness,0.06,0.19,2,93.54,not fragile,161.0,1842.0,0,2a,6,south,2.0,2.0,1,8
consumer,WB,97.0,south,3478.48,Debit,golf,0.35,0.01,1,1217.0,not fragile,149.0,3114.0,0,standard,5,south,3.0,1.0,1,3
others,TEL,134.0,south,9337.09,Debit,apparel,0.37,0.06,1,3453.35,fragile,49.0,201.0,0,standard,3,north,4.0,1.0,1,0
corporate,UP,48.0,north,2973.18,Debit,golf,0.34,0.25,1,1010.89,fragile,121.0,1885.0,1,standard,5,central,5.0,2.0,0,6
consumer,AP,154.0,west,9357.39,Cash,apparel,0.34,0.06,1,3182.1,not fragile,28.0,1784.0,0,1a,3,north,3.0,1.0,1,0
consumer,UK,396.0,north,28450.62,UPI,fan shop,0.44,0.02,1,12518.11,not fragile,45.0,342.0,0,standard,3,south,1.0,2.0,1,3
consumer,UK,157.0,north,4305.09,UPI,apparel,0.37,0.03,2,1591.37,not fragile,153.0,1268.0,0,2a,3,west,3.0,2.0,1,0
consumer,KA,98.0,east,3580.11,Debit,golf,0.11,0.06,2,394.12,fragile,95.0,3092.0,0,standard,3,central,4.0,1.0,0,6
corporate,TEL,55.0,east,3592.3,Debit,golf,0.06,0.04,1,216.72,not fragile,37.0,2147.0,0,standard,6,north,3.0,1.0,1,6
corporate,KA,111.0,west,9272.28,Debit,apparel,0.35,0.16,1,3242.72,not fragile,57.0,613.0,0,standard,5,central,4.0,2.0,0,0
corporate,WB,408.0,west,7253.64,Credit,footwear,0.45,0.25,5,3262.06,fragile,90.0,1555.0,0,2a,6,south,4.0,2.0,1,5
consumer,PB,147.0,central,3644.89,UPI,golf,0.34,0.19,4,1238.22,fragile,187.0,30060.0,0,2a,4,central,3.0,1.0,0,3
consumer,WB,288.0,west,21437.0,UPI,fan shop,0.32,0.0,1,6859.96,not fragile,106.0,3118.0,0,2a,2,south,2.0,3.0,0,3
others,AP,134.0,central,7154.99,Credit,footwear,0.11,0.01,1,788.46,fragile,39.0,444.0,1,standard,6,south,5.0,2.0,1,5
others,BR,138.0,west,4189.65,Debit,apparel,0.08,0.18,3,337.51,not fragile,56.0,453.0,0,standard,6,north,4.0,2.0,1,0
corporate,PB,221.0,west,3579.7,Cash,fan shop,-1.65,0.06,5,-5890.57,not fragile,48.0,104.0,1,standard,3,north,1.0,3.0,0,3
consumer,TEL,113.0,east,9255.61,Debit,apparel,0.38,0.19,1,3516.15,not fragile,173.0,9545.0,1,2a,6,central,3.0,2.0,0,0
corporate,RJ,204.0,south,3562.64,Credit,fan shop,0.35,0.03,4,1247.17,fragile,170.0,3444.0,0,2a,6,central,3.0,3.0,0,6
consumer,RJ,223.0,south,7190.38,Credit,footwear,0.48,0.07,2,3450.62,not fragile,199.0,1538.0,1,standard,6,central,5.0,3.0,1,5
consumer,BR,58.0,central,1556.43,Credit,outdoors,-0.06,0.1,1,-91.1,fragile,179.0,1816.0,1,standard,4,west,4.0,2.0,0,8
others,MA,289.0,north,21311.41,Debit,fan shop,0.08,0.18,1,1705.65,not fragile,86.0,450.0,0,1a,4,central,3.0,2.0,0,3
consumer,MP,46.0,east,3674.11,UPI,fan shop,0.1,0.18,1,369.67,fragile,64.0,838.0,0,1a,2,north,3.0,2.0,0,3
consumer,PB,196.0,south,3623.64,Debit,fan shop,-0.81,0.12,4,-2924.83,not fragile,30.0,1264.0,0,standard,5,west,4.0,3.0,1,6
others,AR,111.0,north,9346.83,Debit,apparel,-0.64,0.25,1,-5973.05,not fragile,82.0,1339.0,0,elite,4,central,4.0,2.0,0,0
consumer,JK,342.0,central,21216.08,Debit,fan shop,0.29,0.02,1,6153.06,fragile,96.0,1478.0,1,standard,3,north,3.0,2.0,1,3
others,MP,183.0,west,3459.71,Cash,fan shop,0.37,0.13,4,1279.55,not fragile,83.0,1083.0,1,standard,4,north,5.0,3.0,0,6
others,KA,128.0,central,9269.67,Debit,apparel,0.48,0.18,1,4448.67,fragile,23.0,1758.0,0,standard,6,central,4.0,2.0,1,0
others,JK,90.0,north,4396.07,UPI,apparel,-1.65,0.25,2,-7234.53,not fragile,30.0,167.0,1,elite,2,north,2.0,1.0,1,0
consumer,BR,60.0,west,2889.86,Credit,discs shop,0.19,0.04,1,549.01,fragile,77.0,462.0,1,standard,5,south,3.0,1.0,0,Other
consumer,BR,124.0,south,9192.67,Credit,apparel,0.29,0.07,1,2665.01,not fragile,157.0,1541.0,1,standard,4,north,3.0,3.0,0,0
consumer,WB,128.0,west,10714.09,Credit,fan shop,0.26,0.25,1,2785.95,not fragile,151.0,3609.0,0,1a,3,north,4.0,2.0,1,3
corporate,KA,80.0,north,5919.12,UPI,pet shop,0.35,0.02,1,2069.92,fragile,168.0,11849.0,0,2a,5,south,5.0,2.0,1,Other
consumer,TEL,278.0,central,21377.38,UPI,fan shop,0.13,0.0,1,2779.35,not fragile,45.0,173.0,0,standard,2,west,4.0,1.0,1,3
corporate,UP,105.0,central,9178.0,UPI,apparel,0.35,0.06,1,3212.57,fragile,90.0,1208.0,0,standard,4,west,4.0,3.0,0,0
consumer,UP,143.0,east,9182.79,Debit,apparel,0.11,0.03,1,1010.78,fragile,86.0,1601.0,0,1a,4,central,3.0,1.0,1,0
consumer,UP,293.0,south,21284.18,Credit,fan shop,0.28,0.06,1,5960.07,not fragile,174.0,2779.0,1,1a,2,north,4.0,2.0,1,3
consumer,RJ,77.0,south,4259.39,UPI,apparel,0.5,0.19,1,2125.79,not fragile,111.0,3719.0,0,2a,3,west,3.0,2.0,1,0
others,UP,192.0,west,14182.56,Credit,fan shop,0.08,0.16,1,1135.72,fragile,72.0,1397.0,0,2a,4,central,2.0,3.0,1,3
consumer,JK,308.0,west,28491.74,UPI,fan shop,0.11,0.25,1,3134.61,not fragile,86.0,208.0,1,standard,4,south,4.0,1.0,0,3
corporate,BR,211.0,west,3655.3,Debit,fan shop,0.35,0.06,5,1277.9,fragile,91.0,1515.0,1,elite,2,south,3.0,3.0,1,6
others,OR,34.0,west,993.64,Cash,outdoors,0.06,0.19,2,60.33,fragile,79.0,220.0,1,standard,4,south,4.0,3.0,1,8
consumer,UP,222.0,west,21362.44,Credit,fan shop,0.06,0.25,1,1282.5,not fragile,166.0,1470.0,0,1a,3,north,4.0,3.0,1,3
corporate,JK,90.0,west,2845.86,UPI,golf,-0.25,0.16,3,-706.11,not fragile,119.0,1390.0,0,1a,4,north,3.0,1.0,1,6
consumer,PB,126.0,north,4403.76,Cash,apparel,0.39,0.12,2,1715.92,fragile,151.0,2713.0,0,1a,3,south,3.0,2.0,1,0
others,UP,243.0,central,14289.41,Credit,fan shop,0.37,0.02,1,5284.89,not fragile,170.0,2959.0,0,standard,4,west,3.0,1.0,0,3
consumer,HR,82.0,north,3693.7,UPI,fan shop,0.48,0.11,1,1770.57,not fragile,122.0,2120.0,0,standard,4,west,4.0,2.0,1,3
consumer,KL,398.0,south,28416.01,Debit,fan shop,0.31,0.11,1,8809.1,not fragile,89.0,327.0,1,standard,3,ne,3.0,2.0,0,3
others,BR,370.0,central,28382.62,Debit,fan shop,0.31,0.02,1,8798.26,not fragile,169.0,3159.0,1,standard,3,central,5.0,2.0,1,3
consumer,AR,111.0,north,9206.12,UPI,apparel,0.1,0.06,1,922.91,fragile,162.0,15575.0,1,standard,2,west,4.0,3.0,0,0
corporate,AR,72.0,north,3552.1,Debit,golf,-1.71,0.03,2,-6058.57,fragile,149.0,3030.0,0,2a,3,north,5.0,1.0,1,3
others,JK,464.0,central,7044.91,Debit,footwear,0.22,0.16,5,1550.98,fragile,24.0,1010.0,0,elite,2,central,2.0,2.0,0,5
consumer,UP,177.0,central,14184.33,Credit,fan shop,-0.68,0.03,1,-9638.56,not fragile,82.0,1360.0,0,1a,4,west,4.0,1.0,0,3
corporate,TEL,156.0,north,14324.21,Cash,fan shop,0.11,0.18,1,1577.02,fragile,83.0,1496.0,0,standard,4,north,2.0,2.0,0,3
consumer,KL,28.0,west,2386.83,Credit,footwear,0.19,0.12,1,454.05,fragile,84.0,43982.0,0,standard,2,north,3.0,3.0,0,8
corporate,UP,191.0,west,3471.16,Cash,golf,0.32,0.06,3,1109.95,not fragile,101.0,1398.0,0,standard,3,ne,2.0,1.0,1,6
corporate,UK,111.0,south,9351.83,UPI,apparel,0.08,0.16,1,750.09,fragile,146.0,1671.0,0,elite,2,central,3.0,3.0,1,0
corporate,HP,211.0,east,4388.89,Debit,apparel,0.48,0.11,4,2105.66,not fragile,67.0,2055.0,0,2a,3,south,2.0,2.0,1,0
consumer,WB,312.0,east,21420.49,Credit,fan shop,0.29,0.06,1,6212.28,fragile,79.0,1679.0,1,standard,4,west,3.0,1.0,0,3
consumer,UK,419.0,north,28399.83,Credit,fan shop,0.19,0.02,1,5395.72,fragile,188.0,28026.0,0,elite,2,central,2.0,1.0,0,3
consumer,HP,162.0,west,4248.03,Credit,apparel,0.32,0.16,3,1358.35,not fragile,39.0,1799.0,0,1a,2,west,4.0,2.0,1,0
consumer,TEL,31.0,south,2864.87,UPI,golf,0.24,0.06,1,687.75,fragile,39.0,813.0,0,standard,6,west,4.0,2.0,0,Other
corporate,UK,228.0,north,21222.55,Debit,fitness,0.34,0.16,1,7214.93,not fragile,190.0,2330.0,0,1a,2,central,3.0,3.0,0,3
consumer,WB,81.0,south,2912.85,Debit,golf,-0.7,0.18,3,-2032.87,not fragile,64.0,454.0,1,2a,5,west,2.0,1.0,1,6
corporate,KL,114.0,east,3668.97,Credit,fan shop,-0.19,0.16,2,-693.73,not fragile,89.0,1259.0,0,standard,4,west,2.0,2.0,0,6
consumer,HP,271.0,east,4373.77,Cash,apparel,0.47,0.11,5,2053.69,not fragile,21.0,2097.0,1,1a,3,south,2.0,1.0,0,0
consumer,MA,105.0,north,4258.49,Credit,apparel,0.12,0.12,2,511.77,fragile,201.0,3378.0,1,standard,4,north,3.0,3.0,0,0
consumer,TEL,146.0,east,4351.1,Credit,apparel,0.47,0.18,2,2043.0,not fragile,16.0,276.0,1,1a,3,west,5.0,2.0,0,0
consumer,MA,183.0,south,4311.99,Cash,apparel,0.44,0.25,4,1894.58,not fragile,109.0,2486.0,0,2a,5,central,4.0,3.0,0,0
consumer,JK,69.0,central,4385.46,Debit,apparel,0.21,0.01,1,922.34,not fragile,52.0,1848.0,0,2a,3,north,4.0,1.0,1,0
consumer,RJ,174.0,west,14109.56,Cash,fan shop,0.48,0.25,1,6770.41,not fragile,209.0,9458.0,0,standard,6,central,2.0,1.0,1,3
others,UK,410.0,south,7100.09,Credit,footwear,0.48,0.21,5,3404.41,fragile,62.0,184.0,1,1a,2,central,4.0,2.0,0,5
consumer,WB,196.0,south,3592.36,UPI,fan shop,-2.5,0.12,5,-8957.13,fragile,82.0,2950.0,1,1a,2,central,5.0,1.0,0,6
corporate,UK,92.0,south,3622.37,Debit,golf,0.1,0.25,3,362.89,not fragile,51.0,1308.0,0,standard,3,south,3.0,2.0,0,6
consumer,UK,160.0,central,9383.61,Credit,apparel,0.0,0.0,1,1.82,fragile,121.0,1207.0,0,standard,5,north,5.0,3.0,0,0
consumer,UK,262.0,central,21359.79,UPI,fan shop,0.32,0.12,1,6834.64,not fragile,87.0,80.0,0,1a,2,west,5.0,1.0,1,3
consumer,KL,195.0,west,3648.3,Credit,fan shop,0.15,0.16,4,548.05,fragile,112.0,2560.0,0,1a,4,west,4.0,1.0,1,6
consumer,UK,189.0,west,7136.85,Cash,footwear,0.37,0.0,2,2638.73,fragile,55.0,363.0,1,2a,5,south,3.0,3.0,0,5
consumer,TEL,414.0,central,28468.99,Credit,fan shop,0.02,0.06,1,572.24,fragile,75.0,259.0,0,standard,5,south,2.0,3.0,1,3
others,HP,199.0,south,14315.75,UPI,fan shop,0.29,0.13,1,4150.78,not fragile,46.0,1907.0,0,standard,3,ne,4.0,2.0,1,3
corporate,MA,58.0,south,4315.33,Credit,apparel,0.08,0.21,1,347.01,not fragile,60.0,1720.0,0,standard,2,south,3.0,2.0,0,0
consumer,HR,128.0,east,3476.98,Credit,fan shop,0.04,0.16,2,140.38,not fragile,148.0,2737.0,1,1a,4,west,3.0,1.0,1,6
others,UP,116.0,north,9226.59,Credit,apparel,0.47,0.25,1,4335.43,not fragile,88.0,3500.0,0,standard,3,north,3.0,1.0,1,0
consumer,HR,105.0,south,3704.66,UPI,golf,0.24,0.18,3,889.26,not fragile,85.0,149.0,0,1a,2,central,4.0,3.0,1,6
consumer,MA,179.0,west,9271.53,UPI,apparel,0.22,0.01,1,2039.66,not fragile,89.0,1088.0,1,2a,2,south,5.0,3.0,0,0
consumer,WB,224.0,central,4403.33,Debit,apparel,0.29,0.03,3,1278.34,fragile,100.0,18053.0,0,standard,3,ne,3.0,3.0,0,0
others,HR,90.0,north,2840.25,Debit,golf,0.26,0.0,1,738.88,not fragile,81.0,162.0,1,standard,3,south,3.0,3.0,1,6
consumer,HP,309.0,south,28540.66,Credit,fan shop,0.1,0.25,1,2854.98,fragile,71.0,1157.0,0,standard,3,central,4.0,1.0,0,3
others,WB,119.0,central,2523.06,UPI,fitness,-0.25,0.04,3,-627.24,fragile,79.0,929.0,1,2a,3,central,4.0,1.0,0,8
others,GJ,95.0,central,3668.69,Credit,fan shop,0.25,0.0,1,917.87,fragile,82.0,2110.0,0,standard,4,west,3.0,1.0,1,6
consumer,MP,267.0,east,3317.55,UPI,outdoors,0.5,0.07,5,1657.45,not fragile,156.0,3095.0,0,2a,4,south,5.0,3.0,0,6
consumer,PB,118.0,west,9205.71,Debit,apparel,-0.16,0.25,1,-1468.69,not fragile,118.0,1701.0,0,2a,5,central,3.0,2.0,1,0
corporate,UK,194.0,south,7029.87,Credit,fitness,0.38,0.12,2,2670.26,not fragile,39.0,1674.0,1,standard,6,central,4.0,2.0,0,5
corporate,PB,208.0,west,14266.56,Cash,fan shop,0.06,0.06,1,857.14,fragile,165.0,2619.0,0,standard,6,south,4.0,1.0,0,3
consumer,PB,164.0,north,3616.72,Credit,fan shop,0.29,0.16,4,1049.65,fragile,51.0,749.0,0,standard,4,west,4.0,3.0,1,3
consumer,HR,99.0,south,7019.47,Credit,footwear,0.5,0.04,1,3508.41,fragile,115.0,2585.0,0,1a,2,central,3.0,2.0,1,5
corporate,KL,92.0,west,9324.84,UPI,apparel,0.1,0.16,1,934.27,fragile,167.0,2112.0,0,standard,5,north,2.0,1.0,0,0
consumer,PB,183.0,east,14111.81,Debit,fan shop,0.35,0.21,1,4939.18,not fragile,115.0,3407.0,0,standard,6,west,3.0,1.0,1,3
consumer,AR,285.0,west,17892.76,Debit,technology,0.29,0.01,1,5188.19,not fragile,62.0,1727.0,1,2a,2,central,3.0,3.0,1,Other
consumer,TEL,102.0,south,4369.72,Debit,apparel,-0.21,0.12,2,-913.08,not fragile,182.0,12286.0,0,2a,5,south,2.0,2.0,0,0
consumer,AR,104.0,north,4304.63,Credit,apparel,-1.55,0.1,2,-6659.57,not fragile,24.0,2067.0,0,standard,3,south,2.0,2.0,1,0
others,HR,105.0,east,2230.97,UPI,fan shop,0.29,0.0,4,646.64,not fragile,94.0,1341.0,0,standard,3,west,3.0,2.0,1,5
consumer,KL,104.0,west,9284.89,Debit,apparel,0.37,0.16,1,3434.45,fragile,37.0,526.0,0,standard,5,central,5.0,2.0,1,0
consumer,RJ,95.0,east,4310.12,UPI,apparel,0.1,0.0,1,431.86,not fragile,198.0,1510.0,0,standard,5,north,4.0,1.0,0,0
corporate,AR,99.0,central,9187.65,Credit,apparel,-0.07,0.06,1,-641.55,not fragile,46.0,2176.0,0,2a,4,west,3.0,2.0,0,0
consumer,TEL,152.0,central,3518.7,Credit,golf,0.16,0.16,4,563.35,not fragile,182.0,8023.0,1,standard,2,north,3.0,1.0,0,3
others,KL,132.0,west,9354.96,Debit,apparel,-0.04,0.11,1,-371.55,not fragile,16.0,2115.0,0,standard,6,central,4.0,2.0,1,0
others,AR,122.0,north,3580.63,Credit,golf,-1.61,0.16,3,-5750.47,not fragile,50.0,140.0,0,2a,5,north,3.0,2.0,0,6
others,OR,32.0,south,4284.5,Debit,apparel,-0.16,0.18,1,-682.83,fragile,34.0,163.0,1,standard,6,south,2.0,3.0,0,0
consumer,KL,228.0,central,4242.58,Debit,apparel,0.26,0.11,4,1102.84,not fragile,201.0,3570.0,0,standard,6,south,4.0,2.0,0,0
corporate,TEL,393.0,south,7114.03,Credit,footwear,0.34,0.03,4,2417.59,fragile,149.0,3194.0,0,standard,4,ne,3.0,2.0,0,5
consumer,HP,375.0,central,28441.98,Debit,fan shop,0.37,0.07,1,10522.65,not fragile,169.0,3736.0,0,2a,3,west,4.0,1.0,0,3
consumer,GJ,149.0,central,9340.2,Credit,apparel,-1.71,0.04,1,-15956.59,fragile,80.0,1347.0,0,standard,2,west,4.0,2.0,0,0
others,GJ,48.0,north,1850.04,Debit,outdoors,0.45,0.0,2,831.1,not fragile,129.0,3594.0,0,1a,4,north,4.0,1.0,0,8
corporate,UK,368.0,east,28389.32,UPI,fan shop,0.06,0.06,1,1705.69,not fragile,95.0,3721.0,0,2a,4,south,4.0,2.0,1,3
others,MA,169.0,west,2988.78,UPI,golf,0.47,0.01,4,1403.04,not fragile,29.0,173.0,0,standard,2,central,5.0,1.0,0,6
consumer,RJ,115.0,north,3629.96,Cash,golf,0.35,0.18,3,1269.54,not fragile,50.0,300.0,0,standard,3,central,1.0,2.0,0,6
consumer,GJ,290.0,central,21280.58,Cash,fan shop,0.24,0.01,1,5106.58,fragile,36.0,266.0,1,standard,5,south,2.0,3.0,0,3
consumer,GJ,111.0,north,2880.92,UPI,golf,0.32,0.18,4,921.16,not fragile,75.0,452.0,0,elite,2,north,3.0,1.0,0,6
corporate,MP,33.0,central,3469.83,Credit,golf,0.44,0.21,1,1523.05,not fragile,27.0,1943.0,0,standard,5,west,3.0,1.0,0,6
corporate,AP,106.0,west,9256.13,Cash,apparel,-0.81,0.16,1,-7487.63,not fragile,207.0,5350.0,0,1a,3,north,4.0,2.0,1,0
consumer,HR,286.0,south,18098.77,Cash,technology,-0.22,0.06,1,-3976.89,not fragile,183.0,2706.0,0,1a,3,south,4.0,2.0,1,Other
others,KA,177.0,north,14291.78,UPI,fan shop,-2.55,0.13,1,-36423.54,fragile,111.0,2079.0,0,elite,0,central,2.0,2.0,1,3
consumer,HR,35.0,east,3635.82,Cash,fan shop,-0.21,0.12,1,-759.71,not fragile,202.0,1365.0,1,standard,3,north,4.0,2.0,0,3
corporate,PB,132.0,east,9225.06,Credit,apparel,0.35,0.21,1,3228.33,fragile,79.0,410.0,0,standard,4,north,3.0,2.0,0,0
consumer,UK,249.0,west,4300.08,Debit,apparel,0.25,0.18,5,1074.77,fragile,23.0,1624.0,0,1a,2,ne,4.0,3.0,0,0
consumer,BR,140.0,central,9223.17,UPI,apparel,0.34,0.19,1,3135.23,not fragile,182.0,33483.0,0,2a,6,west,3.0,1.0,0,0
corporate,HR,226.0,west,3630.35,Debit,golf,0.47,0.07,4,1703.86,not fragile,12.0,2046.0,0,2a,3,west,4.0,3.0,0,6
others,UP,264.0,east,21269.48,Debit,fan shop,0.35,0.06,1,7443.54,not fragile,10.0,615.0,0,1a,2,south,4.0,1.0,0,3
consumer,GJ,144.0,south,3661.97,Debit,fan shop,0.1,0.01,3,366.37,fragile,86.0,587.0,0,elite,0,north,4.0,3.0,1,6
consumer,MA,265.0,central,21262.83,Debit,fan shop,-0.77,0.11,1,-16364.6,fragile,13.0,1392.0,0,standard,4,north,4.0,1.0,1,3
others,TEL,93.0,central,3612.17,Credit,golf,0.32,0.0,1,1156.78,fragile,147.0,2996.0,0,standard,5,south,4.0,3.0,0,Other
corporate,MP,89.0,south,3528.87,Debit,fan shop,-1.8,0.07,1,-6332.17,fragile,32.0,1553.0,1,standard,4,north,3.0,2.0,1,6
others,TEL,167.0,west,3606.37,Debit,golf,0.37,0.1,3,1333.69,fragile,79.0,465.0,1,standard,4,north,3.0,3.0,1,3
corporate,UP,130.0,east,3613.6,Cash,fan shop,-0.24,0.18,3,-863.55,not fragile,80.0,138.0,1,2a,6,north,3.0,2.0,0,6
consumer,AP,220.0,central,3617.64,Credit,golf,0.13,0.04,4,470.81,fragile,43.0,1942.0,0,elite,2,north,3.0,2.0,1,6
corporate,OR,218.0,central,3620.14,Cash,golf,0.47,0.06,5,1698.87,not fragile,84.0,125.0,1,2a,3,west,5.0,3.0,0,6
others,MP,79.0,south,2258.4,UPI,outdoors,-0.11,0.12,3,-245.88,not fragile,68.0,491.0,0,2a,5,south,1.0,3.0,1,8
others,UP,194.0,south,14188.98,Debit,fan shop,0.28,0.11,1,3972.79,not fragile,122.0,3364.0,1,1a,2,central,3.0,1.0,1,3
consumer,UK,401.0,west,28471.12,UPI,fan shop,-0.5,0.12,1,-14230.44,not fragile,11.0,1600.0,0,standard,5,central,5.0,3.0,1,3
consumer,OR,206.0,central,7195.89,Credit,footwear,0.31,0.0,2,2229.46,not fragile,110.0,3524.0,1,standard,4,central,3.0,3.0,0,5
corporate,AP,240.0,north,4356.36,Credit,apparel,0.19,0.19,4,827.89,not fragile,14.0,517.0,0,elite,2,north,3.0,3.0,0,0
consumer,PB,275.0,east,21255.48,Credit,fan shop,0.37,0.25,1,7862.96,not fragile,114.0,3604.0,1,standard,2,central,4.0,1.0,0,3
corporate,MA,131.0,central,9249.87,Cash,apparel,0.47,0.19,1,4346.91,fragile,89.0,889.0,1,standard,6,north,2.0,1.0,0,0
others,GJ,106.0,north,9183.32,Debit,apparel,0.13,0.12,1,1195.19,not fragile,12.0,501.0,0,2a,3,central,3.0,3.0,0,0
corporate,AP,28.0,north,3605.25,Cash,golf,0.37,0.12,1,1331.99,not fragile,83.0,1043.0,1,1a,3,west,3.0,3.0,0,6
consumer,GJ,117.0,west,2763.49,Credit,golf,0.34,0.25,3,939.01,not fragile,79.0,71.0,0,standard,4,south,2.0,2.0,1,6
corporate,MP,134.0,west,9151.75,Debit,apparel,0.37,0.1,1,3384.91,not fragile,109.0,2365.0,0,standard,5,south,4.0,3.0,0,0
consumer,KA,29.0,west,3610.09,Credit,golf,0.16,0.11,1,578.96,not fragile,81.0,390.0,0,standard,6,ne,3.0,3.0,1,3
consumer,KL,387.0,east,28406.43,Credit,fan shop,-1.65,0.07,1,-46857.86,fragile,69.0,909.0,1,standard,4,central,4.0,2.0,0,3
consumer,MA,203.0,central,14202.25,Debit,fan shop,0.35,0.18,1,4968.93,not fragile,183.0,2795.0,0,standard,3,central,3.0,3.0,1,3
consumer,MP,123.0,east,2950.77,Credit,golf,0.5,0.25,4,1472.56,fragile,39.0,338.0,0,elite,0,ne,3.0,1.0,0,6
consumer,UP,169.0,east,14205.18,Debit,fan shop,0.35,0.03,1,4970.95,not fragile,37.0,1050.0,0,standard,6,north,3.0,3.0,0,3
corporate,AP,69.0,east,2783.32,Cash,discs shop,0.5,0.03,1,1389.22,fragile,37.0,1736.0,0,standard,2,south,3.0,3.0,1,6
consumer,AP,150.0,north,9243.34,Credit,apparel,-2.55,0.16,1,-23556.37,not fragile,75.0,80.0,1,2a,4,north,4.0,2.0,1,0
consumer,MA,261.0,south,21443.84,Credit,fan shop,0.47,0.21,1,10077.72,fragile,48.0,2037.0,0,standard,4,central,4.0,2.0,1,3
others,GJ,74.0,central,2880.72,Debit,golf,0.48,0.19,1,1380.74,fragile,28.0,570.0,0,2a,3,central,3.0,3.0,1,6
others,HP,261.0,central,21443.33,Cash,fan shop,-0.77,0.07,1,-16500.47,not fragile,179.0,2354.0,0,standard,6,south,3.0,3.0,0,3
consumer,PB,83.0,north,3514.78,Credit,fan shop,0.24,0.25,1,843.23,fragile,23.0,1464.0,0,standard,4,south,3.0,1.0,0,6
corporate,MA,225.0,west,4412.98,Credit,apparel,-0.19,0.19,4,-834.29,fragile,83.0,731.0,0,standard,6,ne,4.0,2.0,0,Other
consumer,TEL,160.0,south,9273.17,UPI,apparel,-0.77,0.07,1,-7129.05,fragile,121.0,1001.0,1,standard,2,north,2.0,2.0,1,0
corporate,PB,424.0,central,7040.73,Cash,footwear,0.19,0.25,5,1337.03,not fragile,32.0,1327.0,1,2a,3,south,4.0,2.0,1,5
consumer,BR,89.0,west,3474.88,UPI,golf,0.48,0.16,2,1667.21,fragile,76.0,188.0,1,standard,6,south,1.0,2.0,0,3
consumer,AR,104.0,east,2925.89,UPI,golf,-1.61,0.25,4,-4691.12,not fragile,53.0,143.0,1,standard,6,central,1.0,3.0,1,6
consumer,HR,264.0,central,7126.42,Debit,footwear,0.29,0.04,3,2066.6,not fragile,59.0,1517.0,0,standard,3,ne,4.0,1.0,0,5
corporate,HP,193.0,south,14124.96,Credit,fan shop,0.11,0.1,1,1554.89,not fragile,84.0,1994.0,0,2a,4,south,2.0,1.0,1,3
consumer,MP,176.0,east,3549.46,UPI,golf,0.34,0.04,3,1206.56,fragile,68.0,323.0,1,standard,4,south,5.0,3.0,0,3
corporate,HR,34.0,east,4260.27,Debit,apparel,-0.74,0.16,1,-3143.81,not fragile,194.0,29706.0,1,2a,2,central,3.0,3.0,0,0
others,BR,160.0,south,14249.09,UPI,fan shop,0.47,0.1,1,6694.38,fragile,183.0,2757.0,0,standard,6,north,2.0,2.0,0,3
others,BR,145.0,west,1799.24,Cash,fitness,0.24,0.02,4,431.89,not fragile,201.0,3318.0,1,standard,5,central,2.0,3.0,1,8
consumer,HP,96.0,east,3585.72,Debit,golf,0.47,0.21,2,1682.96,fragile,153.0,3236.0,0,elite,2,north,4.0,1.0,1,6
consumer,HP,98.0,central,1864.41,Cash,outdoors,0.35,0.16,4,653.12,not fragile,204.0,13109.0,0,standard,3,central,4.0,2.0,0,8
corporate,PB,234.0,west,4755.0,Credit,outdoors,0.26,0.03,4,1236.41,not fragile,120.0,2319.0,1,2a,4,west,4.0,1.0,1,8
consumer,MA,166.0,east,14328.48,Debit,fan shop,0.44,0.19,1,6303.58,not fragile,172.0,3598.0,0,standard,6,south,4.0,2.0,1,3
corporate,AR,133.0,north,9332.29,Debit,apparel,0.37,0.25,1,3451.49,fragile,59.0,353.0,0,standard,2,central,4.0,2.0,1,0
corporate,HP,208.0,west,3534.82,Cash,golf,0.48,0.03,4,1693.81,not fragile,182.0,31097.0,0,1a,3,central,2.0,2.0,1,6
corporate,KL,84.0,north,1350.22,UPI,outdoors,0.28,0.13,3,376.91,fragile,19.0,2042.0,0,2a,3,central,4.0,3.0,0,8
consumer,UK,65.0,central,3651.61,UPI,fan shop,-1.5,0.16,1,-5464.87,not fragile,53.0,184.0,0,standard,2,central,2.0,1.0,1,6
consumer,JK,83.0,north,1923.33,UPI,outdoors,0.47,0.01,3,903.18,not fragile,63.0,469.0,0,standard,5,west,4.0,3.0,0,8
consumer,HP,146.0,west,9382.3,UPI,apparel,0.48,0.0,1,4502.27,not fragile,131.0,1516.0,1,1a,2,central,4.0,3.0,1,0
corporate,TEL,75.0,north,3510.56,Credit,golf,0.28,0.1,2,983.36,fragile,94.0,2963.0,1,standard,6,central,4.0,2.0,0,6
consumer,MP,282.0,central,4287.05,Debit,apparel,0.32,0.03,5,1371.99,not fragile,62.0,2058.0,1,standard,3,south,4.0,2.0,0,0
consumer,GJ,99.0,central,9182.76,Cash,apparel,0.34,0.19,1,3120.98,not fragile,70.0,126.0,0,2a,3,central,4.0,3.0,0,0
corporate,AR,163.0,north,4919.18,Debit,golf,0.35,0.03,2,1720.37,not fragile,30.0,1012.0,0,standard,6,north,4.0,1.0,1,6
corporate,JK,149.0,east,4358.72,UPI,apparel,0.29,0.1,2,1264.16,not fragile,193.0,29929.0,1,standard,3,central,4.0,1.0,0,0
corporate,AR,176.0,west,14218.04,Debit,fan shop,0.08,0.11,1,1138.43,not fragile,135.0,3389.0,0,elite,0,north,3.0,2.0,1,3
corporate,AR,355.0,south,28508.91,Debit,fan shop,0.31,0.18,1,8837.58,fragile,12.0,1965.0,0,standard,4,central,2.0,1.0,1,3
corporate,JK,186.0,central,3686.72,Cash,golf,0.32,0.0,4,1178.38,not fragile,55.0,1105.0,0,standard,3,central,3.0,1.0,0,3
consumer,MA,96.0,central,2990.82,UPI,golf,0.41,0.1,2,1223.67,fragile,42.0,472.0,1,2a,3,ne,2.0,2.0,0,6
others,TEL,77.0,south,3547.73,Credit,fan shop,0.48,0.04,1,1700.66,fragile,70.0,889.0,1,standard,4,south,4.0,1.0,0,6
consumer,AR,205.0,west,3460.33,Cash,fan shop,0.48,0.06,4,1659.15,fragile,53.0,268.0,0,2a,5,west,4.0,2.0,1,6
corporate,PB,519.0,central,7139.0,Debit,footwear,0.35,0.03,5,2497.69,fragile,199.0,1278.0,0,standard,3,north,3.0,3.0,1,5
consumer,MP,192.0,north,14326.62,Debit,fan shop,0.35,0.13,1,5015.14,fragile,148.0,3238.0,1,standard,6,south,5.0,3.0,0,3
consumer,UP,208.0,north,4374.94,Credit,apparel,0.37,0.03,4,1617.09,not fragile,81.0,3086.0,1,standard,6,central,3.0,1.0,0,0
consumer,HR,149.0,central,14317.47,Credit,fan shop,0.08,0.13,1,1146.79,not fragile,186.0,2809.0,0,2a,4,central,2.0,1.0,0,3
corporate,PB,137.0,west,3632.49,Credit,golf,0.08,0.21,3,292.66,fragile,82.0,1708.0,0,2a,4,central,2.0,3.0,0,6
consumer,GJ,220.0,north,4243.43,UPI,apparel,-0.81,0.03,3,-3426.94,fragile,191.0,1440.0,0,2a,4,south,2.0,1.0,1,0
consumer,KA,368.0,west,32128.62,UPI,technology,-2.6,0.13,1,-83504.14,fragile,168.0,42432.0,1,2a,6,central,2.0,3.0,0,Other
consumer,UK,207.0,west,3668.41,Debit,golf,-0.86,0.0,4,-3143.8,not fragile,97.0,3196.0,0,standard,3,north,3.0,3.0,1,6
consumer,RJ,120.0,north,3629.52,Credit,fan shop,0.5,0.1,3,1811.06,fragile,97.0,2782.0,1,standard,6,north,2.0,2.0,0,6
others,HP,381.0,north,28477.87,Credit,fan shop,0.08,0.13,1,2279.48,fragile,130.0,1851.0,0,standard,6,north,4.0,1.0,0,3
consumer,RJ,129.0,west,3670.13,Credit,fan shop,-1.75,0.1,2,-6410.7,not fragile,33.0,1843.0,1,standard,3,central,2.0,3.0,0,6
others,RJ,136.0,west,4233.0,UPI,apparel,0.1,0.21,2,425.62,fragile,137.0,2783.0,1,standard,6,west,3.0,1.0,1,0
corporate,MA,66.0,west,4377.3,Debit,apparel,0.11,0.03,1,483.61,fragile,188.0,34217.0,1,2a,5,central,3.0,1.0,1,0
consumer,TEL,31.0,west,3703.8,Debit,golf,0.5,0.21,1,1848.73,not fragile,81.0,831.0,0,standard,6,south,3.0,3.0,0,3
consumer,AP,238.0,south,2983.88,Debit,golf,0.35,0.04,5,1043.13,not fragile,110.0,1243.0,0,standard,6,west,3.0,3.0,0,6
corporate,RJ,181.0,south,15297.56,Credit,apparel,0.26,0.1,1,3977.69,fragile,58.0,1399.0,1,standard,4,south,5.0,1.0,1,3
others,KL,83.0,central,4285.23,UPI,apparel,0.38,0.18,1,1626.53,fragile,68.0,275.0,0,standard,2,central,3.0,2.0,0,0
corporate,AR,330.0,central,21373.96,UPI,fan shop,0.29,0.0,1,6198.79,not fragile,55.0,630.0,1,standard,4,north,4.0,3.0,1,3
corporate,UK,332.0,north,28454.99,Debit,fan shop,0.13,0.21,1,3699.87,not fragile,11.0,547.0,1,2a,3,central,3.0,1.0,0,3
consumer,AP,152.0,east,3631.68,Credit,fan shop,0.48,0.16,3,1742.53,not fragile,200.0,1991.0,1,standard,4,north,2.0,3.0,0,6
consumer,HP,192.0,central,3592.11,Cash,golf,0.5,0.06,3,1795.17,not fragile,79.0,2128.0,0,elite,3,north,3.0,1.0,0,6
consumer,AR,70.0,east,3677.94,Debit,fan shop,0.02,0.11,2,76.18,not fragile,104.0,3158.0,0,standard,6,north,4.0,3.0,0,3
corporate,WB,264.0,west,21321.97,Credit,fan shop,0.08,0.11,1,1706.73,fragile,70.0,2038.0,0,standard,5,central,4.0,2.0,0,3
corporate,KA,270.0,central,4333.15,UPI,apparel,0.31,0.19,5,1342.86,fragile,89.0,2090.0,0,standard,3,north,4.0,1.0,0,0
others,MP,160.0,south,9170.52,UPI,apparel,0.35,0.16,1,3209.77,not fragile,47.0,278.0,0,standard,4,north,1.0,1.0,1,0
consumer,KA,268.0,east,21354.6,Debit,fan shop,0.24,0.16,1,5125.15,fragile,68.0,1514.0,0,standard,4,ne,4.0,1.0,0,3
corporate,KL,153.0,east,4197.54,Debit,apparel,0.45,0.03,2,1887.87,fragile,89.0,744.0,1,2a,5,south,4.0,2.0,1,0
consumer,HP,107.0,north,3537.45,Debit,fan shop,0.39,0.02,2,1378.52,not fragile,129.0,3211.0,1,standard,2,south,3.0,2.0,1,6
consumer,RJ,149.0,central,14352.66,Credit,fan shop,0.37,0.21,1,5310.78,not fragile,83.0,3656.0,0,standard,3,central,2.0,3.0,0,3
consumer,KA,158.0,east,9221.21,Credit,apparel,0.44,0.18,1,4056.3,not fragile,124.0,1527.0,1,standard,2,central,4.0,1.0,0,0
consumer,HR,385.0,south,28374.7,Credit,fan shop,-0.03,0.0,1,-849.83,fragile,156.0,3349.0,0,standard,4,central,4.0,3.0,1,3
corporate,PB,190.0,east,4219.17,Cash,apparel,0.08,0.25,4,339.48,not fragile,57.0,483.0,1,2a,5,ne,3.0,2.0,1,0
corporate,AP,312.0,central,7130.44,Debit,footwear,0.13,0.06,3,927.43,fragile,61.0,451.0,1,1a,2,central,4.0,2.0,1,5
consumer,MP,296.0,east,21442.73,Credit,fan shop,0.47,0.07,1,10077.98,not fragile,17.0,717.0,0,standard,5,south,3.0,3.0,0,3
others,OR,169.0,south,14193.07,Credit,fan shop,0.37,0.07,1,5250.72,not fragile,159.0,3745.0,0,elite,4,north,5.0,2.0,1,3
consumer,GJ,228.0,central,14318.8,Debit,fan shop,0.06,0.03,1,860.47,fragile,137.0,3595.0,1,1a,2,north,3.0,2.0,1,3
corporate,JK,141.0,east,9279.63,Cash,apparel,0.11,0.06,1,1022.63,fragile,144.0,3003.0,0,2a,5,south,2.0,3.0,1,0
consumer,PB,199.0,north,2210.04,Debit,footwear,0.35,0.03,5,772.24,not fragile,20.0,239.0,0,standard,5,central,4.0,1.0,1,8
corporate,PB,385.0,central,7010.33,Credit,footwear,-0.21,0.13,4,-1469.23,not fragile,81.0,1224.0,1,1a,2,north,4.0,1.0,0,5
consumer,HP,303.0,north,7085.52,UPI,footwear,0.32,0.21,4,2266.28,not fragile,77.0,1901.0,1,2a,6,south,4.0,1.0,0,5
corporate,TEL,203.0,south,14148.86,Cash,fan shop,0.32,0.16,1,4528.52,not fragile,27.0,1818.0,0,elite,4,ne,4.0,3.0,0,3
corporate,KL,160.0,north,9177.97,UPI,apparel,0.45,0.06,1,4129.43,not fragile,122.0,1508.0,0,standard,3,west,5.0,1.0,1,0
corporate,TEL,185.0,central,2825.96,UPI,golf,0.28,0.16,4,792.06,not fragile,13.0,1445.0,0,1a,2,west,2.0,1.0,1,6
corporate,OR,34.0,north,3658.11,Cash,golf,-0.74,0.21,1,-2697.79,not fragile,127.0,3132.0,0,standard,6,south,3.0,1.0,0,6
others,KA,134.0,central,9341.74,Cash,apparel,0.26,0.0,1,2427.97,fragile,170.0,3138.0,0,elite,0,central,5.0,2.0,0,0
corporate,OR,297.0,south,4168.02,Debit,apparel,0.47,0.03,5,1956.89,not fragile,99.0,3493.0,0,2a,5,central,2.0,1.0,0,0
consumer,MP,205.0,east,3405.17,Cash,outdoors,0.06,0.21,5,205.97,not fragile,102.0,1851.0,1,standard,4,central,3.0,2.0,0,6
corporate,JK,173.0,south,14177.72,Credit,fan shop,0.47,0.13,1,6661.2,not fragile,139.0,3731.0,0,standard,4,south,4.0,2.0,0,3
consumer,OR,142.0,west,1753.48,Debit,outdoors,0.37,0.06,5,649.19,fragile,106.0,3346.0,1,standard,4,central,3.0,2.0,1,8
others,BR,108.0,east,9223.98,Cash,apparel,0.31,0.18,1,2857.42,not fragile,134.0,2625.0,1,standard,6,west,5.0,3.0,1,0
consumer,OR,50.0,south,1071.48,UPI,outdoors,0.35,0.01,4,376.17,fragile,113.0,1057.0,0,standard,5,south,5.0,3.0,0,8
consumer,UK,183.0,west,3598.99,Credit,fan shop,-0.19,0.07,3,-681.23,fragile,18.0,844.0,0,standard,4,central,5.0,2.0,0,6
consumer,PB,167.0,west,9173.34,Debit,apparel,0.24,0.1,1,2202.26,not fragile,46.0,103.0,0,2a,6,central,3.0,1.0,0,0
consumer,BR,67.0,west,4185.6,UPI,apparel,0.5,0.18,1,2090.93,fragile,81.0,1004.0,0,standard,3,west,4.0,2.0,0,0
corporate,BR,200.0,central,4209.77,Credit,apparel,0.13,0.16,4,548.37,fragile,116.0,1099.0,1,standard,4,central,4.0,3.0,1,0
consumer,WB,260.0,north,5744.15,Debit,outdoors,0.29,0.01,3,1664.87,not fragile,156.0,3352.0,1,1a,2,north,2.0,1.0,0,8
consumer,UK,73.0,east,1706.12,Debit,outdoors,0.11,0.04,2,189.87,not fragile,12.0,961.0,0,standard,3,north,5.0,2.0,0,8
corporate,MA,213.0,central,3661.7,Credit,golf,0.34,0.1,4,1242.85,not fragile,76.0,3069.0,0,standard,4,south,4.0,3.0,1,6
consumer,HR,535.0,west,7110.65,Debit,footwear,0.29,0.02,5,2061.98,fragile,152.0,2951.0,0,standard,4,north,3.0,3.0,1,5
corporate,UK,225.0,west,7253.16,Cash,footwear,0.35,0.11,2,2537.14,fragile,146.0,3334.0,1,standard,3,north,4.0,1.0,1,5
others,HP,51.0,west,2777.03,Debit,discs shop,-0.06,0.1,1,-163.81,not fragile,80.0,2158.0,1,standard,4,south,2.0,1.0,0,Other
consumer,AP,238.0,central,21285.44,Debit,fan shop,0.5,0.16,1,10640.03,fragile,135.0,2241.0,0,elite,0,south,4.0,3.0,0,3
consumer,TEL,184.0,west,3480.35,Debit,golf,0.37,0.21,4,1286.17,fragile,196.0,15101.0,0,standard,2,central,2.0,2.0,0,3
others,AR,135.0,north,4387.47,Debit,apparel,0.47,0.18,3,2060.56,fragile,193.0,11152.0,0,2a,3,west,3.0,3.0,1,0
consumer,BR,132.0,north,1725.78,Cash,fitness,-0.7,0.18,5,-1198.66,not fragile,152.0,2052.0,0,standard,3,north,2.0,2.0,1,8
consumer,TEL,104.0,south,9140.84,Credit,apparel,0.11,0.06,1,1005.98,not fragile,140.0,2139.0,0,2a,6,central,5.0,3.0,1,0
corporate,WB,226.0,south,14176.3,Debit,fan shop,0.31,0.0,1,4394.44,not fragile,129.0,2741.0,0,1a,2,north,3.0,3.0,1,3
consumer,UK,235.0,west,21357.97,Debit,fan shop,0.5,0.16,1,10676.29,fragile,210.0,23871.0,0,standard,3,central,5.0,3.0,0,3
consumer,KA,121.0,west,1230.17,Credit,outdoors,0.35,0.21,5,429.6,not fragile,113.0,1650.0,0,standard,4,north,5.0,3.0,1,8
consumer,RJ,112.0,central,2881.23,Cash,golf,0.15,0.11,2,433.75,not fragile,84.0,1417.0,1,2a,3,north,3.0,1.0,1,6
corporate,OR,305.0,central,28351.92,Debit,fan shop,0.11,0.21,1,3119.79,not fragile,62.0,2084.0,0,1a,2,west,5.0,2.0,0,3
others,JK,241.0,east,3504.05,Cash,fan shop,0.25,0.13,5,875.22,fragile,52.0,352.0,1,standard,5,north,3.0,1.0,0,6
corporate,AP,422.0,south,32226.2,Credit,technology,0.34,0.1,1,10956.97,not fragile,148.0,3535.0,0,standard,5,central,3.0,3.0,1,Other
others,WB,125.0,east,2950.52,Debit,golf,0.29,0.13,4,855.92,fragile,62.0,323.0,1,standard,6,west,2.0,1.0,1,6
consumer,GJ,421.0,south,28453.48,Debit,fan shop,0.06,0.01,1,1709.05,not fragile,52.0,665.0,1,standard,6,west,4.0,1.0,0,3
consumer,UK,30.0,east,4287.59,Debit,apparel,0.11,0.19,1,472.14,not fragile,83.0,410.0,1,1a,2,north,4.0,2.0,1,0
consumer,MA,173.0,north,14202.2,Debit,fan shop,0.34,0.04,1,4828.67,not fragile,79.0,411.0,0,1a,4,west,4.0,2.0,1,3
consumer,KL,154.0,central,2833.25,UPI,golf,-0.1,0.18,5,-279.56,fragile,156.0,1937.0,0,elite,2,north,5.0,2.0,1,6
consumer,TEL,113.0,east,9354.63,Debit,apparel,0.29,0.04,1,2711.76,fragile,171.0,29439.0,0,standard,5,ne,3.0,2.0,0,0
consumer,HR,162.0,east,14334.24,Debit,fan shop,0.34,0.07,1,4873.08,fragile,134.0,3065.0,0,1a,4,central,3.0,2.0,1,3
corporate,HR,123.0,north,9191.98,UPI,apparel,0.32,0.13,1,2941.79,not fragile,145.0,1153.0,0,1a,2,central,2.0,2.0,0,0
corporate,TEL,175.0,central,9355.09,Debit,outdoors,0.26,0.0,1,2431.44,fragile,186.0,2884.0,0,standard,3,central,4.0,3.0,1,0
consumer,WB,188.0,north,4295.68,Debit,apparel,-2.66,0.16,3,-11402.78,fragile,117.0,1069.0,0,standard,3,north,3.0,2.0,0,0
corporate,KL,60.0,central,6017.03,Debit,pet shop,0.42,0.0,1,2526.85,not fragile,93.0,3390.0,0,elite,4,south,4.0,3.0,1,5
corporate,WB,122.0,north,9293.97,Cash,apparel,0.11,0.16,1,1023.56,not fragile,60.0,1313.0,1,standard,3,central,3.0,1.0,0,0
consumer,OR,90.0,west,9316.73,Credit,apparel,0.31,0.12,1,2889.14,not fragile,94.0,2009.0,1,standard,4,south,4.0,3.0,0,0
corporate,KL,287.0,north,21243.11,UPI,fan shop,0.11,0.03,1,2337.82,not fragile,50.0,1889.0,1,standard,3,south,4.0,1.0,0,3
others,TEL,235.0,west,7201.41,Debit,footwear,0.19,0.18,3,1368.06,not fragile,117.0,1320.0,0,1a,4,south,3.0,1.0,1,5
consumer,JK,231.0,east,21390.75,UPI,fan shop,0.5,0.25,1,10693.03,not fragile,141.0,3787.0,0,2a,5,central,2.0,1.0,0,3
others,PB,387.0,central,28321.81,Debit,fan shop,-1.61,0.0,1,-45582.74,fragile,24.0,2068.0,0,2a,6,south,2.0,3.0,1,3
corporate,JK,147.0,east,9332.17,Debit,apparel,0.47,0.1,1,4382.57,not fragile,25.0,529.0,1,standard,3,central,4.0,3.0,0,0
consumer,TEL,198.0,north,4237.19,Credit,apparel,0.19,0.03,3,805.45,not fragile,142.0,1073.0,1,1a,3,central,3.0,2.0,1,0
consumer,JK,196.0,south,4261.57,Credit,apparel,0.11,0.06,3,470.45,not fragile,31.0,1159.0,1,1a,3,south,3.0,1.0,1,0
consumer,WB,242.0,south,4291.56,Debit,apparel,0.5,0.12,5,2143.97,fragile,87.0,1678.0,0,standard,2,south,4.0,1.0,0,0
corporate,RJ,367.0,north,28408.31,UPI,fan shop,0.34,0.18,1,9659.24,not fragile,166.0,1838.0,0,standard,6,ne,3.0,2.0,1,3
others,AP,372.0,east,28490.76,Credit,fan shop,0.15,0.06,1,4274.42,not fragile,59.0,2189.0,0,standard,4,north,4.0,2.0,1,3
consumer,HR,207.0,east,15310.35,Debit,apparel,0.35,0.0,1,5357.32,not fragile,158.0,1827.0,1,standard,5,south,3.0,3.0,1,3
consumer,HR,422.0,south,28327.43,Credit,fan shop,0.1,0.06,1,2833.74,not fragile,102.0,1270.0,1,standard,2,south,4.0,3.0,1,3
corporate,HP,214.0,central,4168.81,Debit,apparel,0.26,0.04,4,1084.54,fragile,138.0,1111.0,1,2a,3,ne,3.0,2.0,0,0
others,KA,272.0,east,3526.59,UPI,golf,0.34,0.06,5,1197.18,fragile,40.0,248.0,0,standard,5,west,2.0,1.0,1,6
corporate,AR,122.0,central,9367.08,Cash,apparel,-0.67,0.03,1,-6267.92,not fragile,40.0,2160.0,1,standard,3,ne,4.0,1.0,0,0
corporate,RJ,384.0,south,25302.1,UPI,apparel,-0.74,0.06,1,-18712.55,not fragile,92.0,3530.0,0,standard,4,central,4.0,3.0,1,3
consumer,BR,82.0,west,9377.21,Debit,apparel,0.28,0.25,1,2626.38,not fragile,174.0,2807.0,0,elite,0,north,4.0,1.0,1,0
corporate,UK,177.0,east,14305.76,UPI,fan shop,0.21,0.12,1,3003.6,fragile,17.0,1891.0,1,standard,5,south,4.0,3.0,1,3
consumer,KA,169.0,south,9258.27,UPI,apparel,0.32,0.03,1,2962.23,fragile,51.0,1898.0,1,1a,2,west,5.0,3.0,1,0
consumer,MP,347.0,west,28369.94,Debit,fan shop,0.35,0.1,1,9929.57,fragile,177.0,2228.0,1,2a,5,north,4.0,3.0,1,3
others,JK,108.0,north,6849.86,Debit,footwear,0.25,0.03,1,1711.55,not fragile,164.0,5891.0,0,1a,4,north,2.0,1.0,0,5
consumer,HR,399.0,west,28550.7,Debit,fan shop,0.38,0.04,1,10848.89,not fragile,193.0,37929.0,0,standard,5,north,4.0,3.0,0,3
corporate,GJ,65.0,central,3467.35,Cash,fan shop,0.32,0.0,1,1110.06,not fragile,139.0,3178.0,0,standard,3,central,5.0,3.0,0,3
consumer,HR,172.0,central,3584.64,UPI,fan shop,0.1,0.21,4,359.61,fragile,161.0,2972.0,1,1a,2,north,2.0,3.0,0,6
others,UK,250.0,north,21223.16,Cash,fan shop,0.26,0.21,1,5519.09,fragile,79.0,59.0,0,2a,4,north,2.0,3.0,0,3
others,TEL,48.0,west,1774.72,UPI,outdoors,0.5,0.16,1,884.71,fragile,28.0,405.0,1,1a,2,central,5.0,3.0,1,8
consumer,WB,235.0,south,3684.33,Debit,golf,-1.65,0.04,5,-6067.48,not fragile,59.0,2047.0,0,standard,6,south,2.0,3.0,0,3
others,WB,91.0,central,4349.24,Credit,apparel,0.29,0.07,2,1260.48,not fragile,74.0,455.0,1,elite,0,central,4.0,1.0,0,0
consumer,PB,381.0,north,28419.33,UPI,fan shop,0.19,0.18,1,5400.45,not fragile,184.0,1138.0,0,2a,6,north,4.0,3.0,1,3
consumer,WB,43.0,west,2197.83,Credit,footwear,0.45,0.12,1,988.75,not fragile,17.0,1857.0,1,1a,3,south,3.0,2.0,1,5
consumer,RJ,314.0,north,25304.06,Credit,apparel,0.5,0.06,1,12650.9,not fragile,165.0,1539.0,0,1a,2,central,2.0,2.0,1,0
others,HP,322.0,south,21401.08,Credit,fan shop,-0.08,0.07,1,-1710.27,fragile,79.0,409.0,0,standard,4,central,5.0,3.0,1,3
consumer,HP,325.0,central,7256.65,Cash,footwear,0.1,0.06,3,726.68,fragile,28.0,258.0,0,standard,2,south,4.0,2.0,1,5
others,MA,312.0,east,21333.86,Credit,fan shop,0.21,0.07,1,4479.19,not fragile,66.0,554.0,0,standard,5,central,3.0,3.0,1,3
others,UP,90.0,north,9319.44,Credit,apparel,0.47,0.21,1,4378.3,not fragile,53.0,314.0,1,1a,2,central,4.0,3.0,0,0
corporate,TEL,82.0,north,1845.66,Credit,outdoors,0.35,0.01,2,645.3,fragile,31.0,1056.0,0,2a,5,south,3.0,1.0,0,8
consumer,TEL,172.0,south,9387.1,Cash,apparel,-0.24,0.0,1,-2248.39,not fragile,80.0,777.0,0,standard,3,central,4.0,3.0,1,0
consumer,RJ,253.0,west,21225.97,Credit,fan shop,0.31,0.13,1,6578.56,not fragile,207.0,36871.0,1,standard,6,north,4.0,3.0,1,3
corporate,MA,237.0,central,3551.86,Credit,golf,0.21,0.0,5,744.98,not fragile,101.0,3354.0,0,standard,4,west,4.0,1.0,1,6
consumer,JK,310.0,north,21441.71,Cash,fan shop,0.37,0.01,1,7932.82,fragile,83.0,480.0,0,standard,4,south,4.0,3.0,0,3
consumer,AP,225.0,south,3666.54,UPI,fan shop,0.06,0.01,5,221.06,not fragile,156.0,1178.0,0,standard,6,south,4.0,2.0,0,6
corporate,UK,184.0,south,2958.95,Debit,golf,0.47,0.03,4,1388.26,not fragile,111.0,3636.0,1,standard,5,ne,3.0,2.0,1,6
consumer,HR,111.0,north,3656.87,Credit,golf,0.25,0.03,2,913.67,not fragile,208.0,25648.0,0,2a,5,central,3.0,3.0,0,6
consumer,JK,175.0,north,14256.82,Cash,fan shop,0.04,0.07,1,571.67,fragile,91.0,2849.0,0,standard,5,south,3.0,1.0,0,3
corporate,AR,113.0,west,2228.59,Debit,footwear,-0.04,0.16,3,-87.67,not fragile,185.0,2316.0,1,standard,3,south,3.0,1.0,0,8
consumer,KA,129.0,central,9209.59,Credit,apparel,0.19,0.0,1,1749.67,not fragile,98.0,1143.0,0,standard,5,central,2.0,3.0,1,0
others,AR,268.0,south,21288.92,UPI,fan shop,0.34,0.1,1,7237.55,not fragile,81.0,1677.0,0,standard,6,south,3.0,2.0,1,3
consumer,UP,139.0,west,3706.23,Debit,golf,0.34,0.25,3,1259.42,fragile,206.0,3753.0,1,standard,4,central,2.0,2.0,1,3
consumer,MA,78.0,north,2872.14,Debit,golf,0.37,0.18,1,1061.14,fragile,65.0,1552.0,1,standard,3,central,3.0,1.0,1,6
consumer,KL,106.0,north,9257.56,Debit,apparel,-0.07,0.1,1,-644.41,not fragile,56.0,1859.0,0,2a,2,south,2.0,3.0,1,0
consumer,GJ,168.0,north,9348.64,Debit,apparel,0.28,0.02,1,2616.32,fragile,81.0,796.0,0,standard,3,central,4.0,1.0,0,0
consumer,AR,192.0,west,14179.94,Credit,fan shop,0.45,0.1,1,6378.92,fragile,102.0,1753.0,0,2a,3,north,3.0,1.0,0,3
corporate,RJ,191.0,east,14177.34,UPI,fan shop,0.37,0.11,1,5245.04,not fragile,189.0,1411.0,0,standard,4,north,4.0,3.0,0,3
consumer,UP,36.0,south,3701.5,UPI,golf,0.06,0.03,1,222.93,fragile,25.0,172.0,0,standard,6,south,5.0,1.0,0,3
corporate,WB,387.0,south,7073.23,UPI,footwear,0.19,0.1,4,1343.36,not fragile,59.0,231.0,1,2a,6,south,3.0,2.0,1,5
corporate,UP,234.0,north,3641.14,UPI,fan shop,0.19,0.16,5,691.84,fragile,80.0,272.0,0,elite,0,north,3.0,1.0,1,6
consumer,HR,150.0,west,14148.64,Debit,fan shop,0.1,0.13,1,1415.27,not fragile,100.0,3487.0,1,standard,4,central,3.0,3.0,0,3
consumer,GJ,402.0,north,28505.89,UPI,fan shop,0.5,0.01,1,14249.97,fragile,84.0,32990.0,0,standard,6,central,3.0,1.0,1,3
corporate,TEL,160.0,east,11657.05,UPI,discs shop,0.11,0.01,1,1283.35,not fragile,184.0,2626.0,0,standard,4,south,4.0,2.0,0,Other
consumer,JK,290.0,west,4282.31,UPI,apparel,0.47,0.11,5,2010.66,not fragile,124.0,3616.0,0,standard,3,west,3.0,2.0,1,0
consumer,HP,257.0,south,4344.92,Debit,apparel,0.03,0.21,5,131.95,not fragile,167.0,2487.0,1,2a,2,central,4.0,3.0,0,0
consumer,RJ,48.0,north,4183.36,Credit,apparel,-0.13,0.19,1,-541.84,not fragile,121.0,1752.0,1,standard,4,south,4.0,1.0,0,0
consumer,UP,88.0,north,3674.76,Credit,golf,0.06,0.07,1,221.43,fragile,17.0,1585.0,0,1a,2,north,3.0,1.0,0,6
corporate,BR,124.0,east,2308.72,Credit,outdoors,0.31,0.06,3,713.85,not fragile,199.0,1082.0,0,standard,3,south,3.0,3.0,1,5
corporate,HP,297.0,north,21275.34,Credit,fan shop,-0.28,0.18,1,-5954.06,not fragile,51.0,893.0,1,2a,4,north,3.0,3.0,1,3
others,MP,48.0,south,3598.15,UPI,fan shop,0.29,0.03,1,1044.13,not fragile,73.0,1940.0,0,standard,3,north,3.0,1.0,0,6
corporate,AR,154.0,central,9362.82,Credit,apparel,-0.24,0.21,1,-2244.55,fragile,202.0,3433.0,0,standard,3,south,4.0,3.0,1,0
consumer,GJ,321.0,south,25434.11,Debit,apparel,0.42,0.11,1,10679.48,not fragile,191.0,3118.0,1,1a,4,central,3.0,3.0,1,3
consumer,TEL,36.0,north,1904.23,UPI,fitness,0.1,0.25,2,192.19,not fragile,77.0,2246.0,0,2a,3,north,5.0,3.0,0,8
others,UP,372.0,south,28305.72,Credit,fan shop,0.35,0.18,1,9906.35,fragile,24.0,1226.0,0,standard,6,south,3.0,3.0,0,3
others,OR,265.0,west,21207.16,Credit,fan shop,-0.86,0.18,1,-18228.9,fragile,210.0,18412.0,1,1a,2,north,4.0,3.0,1,3
corporate,HR,202.0,north,3624.65,UPI,golf,0.39,0.16,5,1411.61,fragile,77.0,2615.0,0,standard,6,west,3.0,1.0,1,6
consumer,RJ,271.0,central,21293.72,Debit,fan shop,-0.28,0.13,1,-5957.63,not fragile,75.0,889.0,0,standard,6,west,3.0,3.0,1,3
corporate,WB,162.0,west,3585.95,Credit,fan shop,0.47,0.1,3,1684.09,fragile,19.0,699.0,0,2a,4,west,4.0,3.0,0,6
consumer,UP,291.0,south,4413.1,Debit,apparel,0.0,0.06,5,1.66,not fragile,78.0,241.0,1,2a,6,central,2.0,3.0,1,0
consumer,RJ,36.0,south,3540.4,Credit,fan shop,-0.04,0.02,1,-138.43,fragile,75.0,185.0,1,standard,4,north,5.0,3.0,1,3
corporate,MA,113.0,central,7092.77,Credit,footwear,-0.11,0.16,1,-776.83,not fragile,149.0,3458.0,0,2a,3,north,4.0,3.0,1,5
corporate,AP,278.0,east,21344.91,Credit,fan shop,0.1,0.04,1,2136.06,not fragile,175.0,1837.0,0,2a,3,south,4.0,1.0,0,3
consumer,HP,280.0,west,7009.95,Credit,footwear,0.45,0.18,3,3153.92,not fragile,79.0,57.0,1,standard,3,central,3.0,3.0,0,5
consumer,UP,268.0,west,20943.18,Credit,health and beauty,0.47,0.16,1,9843.22,fragile,72.0,1649.0,0,standard,4,south,4.0,3.0,1,3
corporate,KL,260.0,west,3694.02,Debit,fan shop,0.38,0.02,5,1404.45,fragile,48.0,515.0,1,1a,2,central,4.0,2.0,1,6
consumer,AP,222.0,east,2862.26,Debit,golf,0.5,0.06,5,1428.95,fragile,107.0,2876.0,1,standard,3,west,4.0,1.0,1,6
consumer,UP,206.0,central,14315.51,Debit,fan shop,0.41,0.11,1,5868.33,fragile,98.0,2706.0,1,standard,3,central,3.0,1.0,1,3
others,AP,217.0,west,3495.12,UPI,golf,0.44,0.0,4,1534.56,fragile,57.0,327.0,0,standard,2,south,5.0,1.0,0,6
consumer,MA,168.0,west,14182.52,Debit,fan shop,0.28,0.06,1,3970.33,fragile,109.0,1502.0,1,standard,6,north,2.0,2.0,0,3
consumer,GJ,343.0,central,7046.69,Cash,footwear,0.32,0.19,4,2254.91,not fragile,83.0,3160.0,1,standard,4,west,4.0,2.0,0,5
consumer,MA,209.0,central,4291.42,Credit,apparel,0.38,0.21,4,1629.94,not fragile,132.0,2004.0,1,standard,4,north,4.0,3.0,0,0
consumer,HR,110.0,south,2988.81,UPI,golf,0.29,0.0,2,865.13,fragile,83.0,398.0,1,standard,5,central,4.0,1.0,0,6
consumer,MP,254.0,south,21298.91,UPI,fan shop,0.32,0.13,1,6814.05,not fragile,116.0,2286.0,1,standard,3,central,3.0,2.0,1,3
others,KA,206.0,east,3706.55,Cash,fan shop,0.41,0.19,4,1518.69,not fragile,130.0,3487.0,0,standard,3,west,4.0,2.0,1,6
corporate,GJ,433.0,south,7110.19,UPI,footwear,-0.77,0.04,4,-5465.96,not fragile,110.0,1655.0,0,2a,4,central,4.0,3.0,0,5
corporate,KL,112.0,east,3660.72,UPI,golf,0.37,0.13,3,1354.64,not fragile,80.0,254.0,1,2a,4,central,4.0,2.0,1,6
consumer,UP,78.0,south,2849.01,Debit,golf,0.47,0.25,2,1337.43,fragile,43.0,754.0,0,1a,4,south,4.0,1.0,1,6
consumer,AP,30.0,west,1851.35,Debit,golf,-0.74,0.06,1,-1360.89,not fragile,158.0,2279.0,0,standard,6,south,3.0,1.0,1,8
consumer,HP,362.0,east,28333.42,Cash,fan shop,0.35,0.06,1,9916.7,not fragile,174.0,3154.0,1,standard,6,north,3.0,2.0,0,3
corporate,GJ,135.0,west,3640.61,Debit,golf,0.21,0.06,3,766.21,fragile,79.0,2697.0,1,2a,3,north,4.0,3.0,0,6
corporate,MP,377.0,south,28391.33,Credit,fan shop,0.44,0.16,1,12491.54,not fragile,76.0,1935.0,0,2a,2,north,2.0,3.0,0,3
corporate,OR,76.0,east,4357.23,Credit,apparel,0.35,0.0,1,1524.0,not fragile,172.0,3444.0,0,2a,3,central,4.0,1.0,1,0
corporate,JK,60.0,central,1722.03,Credit,golf,0.19,0.04,1,328.9,fragile,186.0,2642.0,0,2a,6,west,2.0,2.0,1,8
corporate,GJ,268.0,south,4320.28,UPI,apparel,0.48,0.19,5,2071.16,not fragile,23.0,406.0,1,standard,6,north,4.0,2.0,0,0
corporate,KA,302.0,west,28548.72,UPI,fan shop,0.06,0.25,1,1713.88,not fragile,70.0,1161.0,1,1a,2,ne,3.0,2.0,0,3
corporate,HR,110.0,south,3482.81,Cash,fan shop,-0.83,0.13,3,-2879.94,fragile,10.0,1962.0,1,2a,3,west,4.0,3.0,0,3
consumer,UK,231.0,east,3657.71,Debit,fan shop,0.29,0.02,4,1060.64,not fragile,132.0,2455.0,1,standard,3,central,3.0,3.0,1,6
others,AP,225.0,east,4357.16,Credit,apparel,-0.74,0.06,4,-3215.21,fragile,56.0,152.0,0,2a,2,central,2.0,3.0,1,0
corporate,GJ,266.0,north,3541.19,UPI,fan shop,-0.16,0.02,5,-563.01,fragile,68.0,537.0,1,standard,6,south,4.0,3.0,1,6
others,OR,228.0,west,3603.25,UPI,golf,0.21,0.06,4,756.18,not fragile,11.0,1596.0,0,standard,3,south,4.0,3.0,0,6
corporate,KL,228.0,east,3652.04,UPI,fan shop,0.45,0.18,5,1641.25,fragile,170.0,1660.0,0,1a,2,central,2.0,3.0,0,3
corporate,HP,87.0,east,7182.88,Credit,footwear,0.26,0.18,1,1867.25,not fragile,133.0,3208.0,0,standard,4,central,3.0,3.0,1,5
consumer,GJ,163.0,east,4223.58,UPI,apparel,-1.55,0.06,3,-6535.92,not fragile,165.0,3257.0,0,2a,4,ne,4.0,2.0,1,0
consumer,AR,216.0,central,4290.22,UPI,apparel,0.35,0.1,4,1501.5,not fragile,81.0,384.0,0,2a,4,north,3.0,2.0,0,0
others,WB,123.0,west,3622.63,Credit,golf,0.29,0.21,2,1049.36,fragile,56.0,444.0,1,standard,6,central,4.0,1.0,0,6
corporate,UK,193.0,south,4330.1,Credit,apparel,0.32,0.19,3,1384.27,not fragile,154.0,37533.0,0,elite,0,west,5.0,2.0,0,0
consumer,HP,311.0,east,7227.66,UPI,footwear,0.1,0.16,4,724.58,fragile,41.0,207.0,0,2a,4,central,2.0,1.0,0,5
consumer,MA,61.0,south,1083.36,UPI,outdoors,-0.7,0.03,5,-751.79,fragile,171.0,18701.0,0,2a,3,central,3.0,3.0,1,8
consumer,MA,29.0,north,2843.52,UPI,golf,0.08,0.13,1,228.21,fragile,28.0,219.0,1,standard,4,south,5.0,1.0,0,Other
consumer,HR,102.0,east,7027.57,Credit,footwear,0.35,0.02,1,2458.17,fragile,89.0,88.0,1,1a,3,central,4.0,3.0,0,5
corporate,HR,103.0,central,3492.22,Debit,fan shop,0.48,0.02,2,1673.47,fragile,76.0,1381.0,0,2a,3,south,3.0,1.0,1,6
consumer,RJ,149.0,south,9234.29,Debit,apparel,0.31,0.04,1,2863.16,not fragile,155.0,1527.0,0,standard,5,west,4.0,3.0,0,0
consumer,MP,148.0,east,3498.13,Debit,golf,-0.74,0.21,3,-2579.82,fragile,210.0,39776.0,1,standard,5,central,3.0,1.0,0,3
others,BR,126.0,south,9151.98,Debit,apparel,0.35,0.04,1,3203.75,not fragile,18.0,1527.0,0,elite,4,central,5.0,3.0,1,0
others,UP,62.0,north,2855.49,Debit,golf,-0.81,0.02,2,-2302.36,fragile,14.0,1816.0,0,1a,2,north,4.0,2.0,1,6
consumer,RJ,164.0,west,9285.74,Credit,apparel,-0.31,0.0,1,-2873.71,fragile,62.0,1278.0,0,standard,5,central,5.0,2.0,0,0
consumer,HR,161.0,south,9264.6,UPI,apparel,0.35,0.04,1,3240.84,not fragile,182.0,23934.0,1,standard,2,north,4.0,2.0,0,0
consumer,HP,53.0,central,4284.16,Debit,apparel,0.5,0.13,1,2138.52,fragile,190.0,2787.0,0,standard,5,north,3.0,2.0,0,0
consumer,KA,340.0,central,7212.4,UPI,footwear,-0.74,0.1,4,-5331.18,not fragile,77.0,2471.0,0,standard,3,ne,3.0,1.0,1,5
corporate,AP,317.0,central,21223.77,Debit,fan shop,0.26,0.06,1,5518.96,not fragile,82.0,1731.0,1,standard,3,central,4.0,2.0,1,3
corporate,PB,31.0,west,3703.84,UPI,golf,-0.01,0.11,1,-34.54,fragile,15.0,1662.0,1,2a,4,north,2.0,2.0,1,3
consumer,WB,390.0,north,28308.49,UPI,fan shop,0.32,0.02,1,9058.23,not fragile,78.0,1681.0,0,standard,2,north,3.0,3.0,0,3
consumer,GJ,408.0,east,28408.8,Credit,fan shop,0.5,0.11,1,14202.56,not fragile,120.0,2340.0,1,2a,6,central,3.0,2.0,1,3
consumer,TEL,165.0,north,9353.68,Debit,apparel,-0.81,0.0,1,-7570.21,not fragile,81.0,2082.0,0,1a,4,north,3.0,3.0,1,0
consumer,JK,98.0,east,5962.53,Debit,pet shop,0.1,0.11,1,597.29,not fragile,55.0,158.0,1,elite,2,south,4.0,3.0,0,5
consumer,WB,285.0,north,3507.57,Debit,golf,0.26,0.06,5,911.84,fragile,55.0,228.0,0,standard,5,north,3.0,3.0,1,6
consumer,WB,55.0,central,3517.26,UPI,fan shop,0.11,0.18,1,387.97,not fragile,184.0,2297.0,0,standard,6,north,4.0,3.0,1,6
corporate,HP,93.0,south,9278.95,UPI,apparel,0.5,0.16,1,4636.97,not fragile,155.0,3239.0,1,1a,4,central,3.0,2.0,1,0
consumer,UK,263.0,west,21338.12,UPI,fan shop,0.02,0.19,1,427.78,fragile,75.0,1006.0,0,standard,6,west,4.0,2.0,0,3
others,TEL,363.0,west,28504.42,Debit,fan shop,0.08,0.1,1,2281.93,not fragile,84.0,374.0,0,standard,5,west,3.0,2.0,1,3
consumer,AP,107.0,south,9299.23,UPI,apparel,-0.28,0.16,1,-2598.03,fragile,74.0,1212.0,0,standard,4,ne,4.0,3.0,0,0
consumer,OR,402.0,west,7207.28,UPI,footwear,0.11,0.11,4,793.47,not fragile,57.0,214.0,0,standard,2,central,3.0,1.0,1,5
consumer,HP,173.0,east,3608.04,Credit,fan shop,0.34,0.16,4,1225.81,not fragile,67.0,237.0,0,standard,6,central,5.0,1.0,1,3
consumer,BR,218.0,east,14164.19,Credit,fan shop,0.29,0.0,1,4106.04,fragile,162.0,26246.0,0,standard,4,ne,3.0,2.0,0,3
others,TEL,170.0,central,14183.15,UPI,fan shop,-0.32,0.25,1,-4534.3,not fragile,35.0,2022.0,0,standard,4,south,2.0,2.0,0,3
consumer,GJ,227.0,south,4305.68,Debit,apparel,-0.15,0.25,4,-643.02,not fragile,72.0,2065.0,0,standard,6,south,4.0,3.0,0,0
others,WB,134.0,central,9375.88,Debit,apparel,0.5,0.13,1,4684.63,fragile,205.0,10086.0,0,standard,4,south,3.0,1.0,0,0
others,HR,80.0,west,1686.93,Credit,fitness,0.16,0.0,3,270.86,not fragile,34.0,996.0,0,1a,3,central,4.0,1.0,1,8
corporate,WB,150.0,south,14172.98,Credit,fan shop,0.16,0.16,1,2268.22,fragile,196.0,22639.0,0,2a,3,central,5.0,3.0,0,3
consumer,UP,115.0,east,11713.68,UPI,discs shop,0.34,0.25,1,3982.82,not fragile,83.0,1268.0,0,standard,4,south,5.0,2.0,0,Other
consumer,HP,190.0,west,14269.88,Credit,fan shop,0.01,0.02,1,144.17,not fragile,80.0,816.0,0,standard,4,north,2.0,1.0,1,3
others,KL,192.0,south,4406.75,Credit,apparel,0.5,0.02,3,2200.1,fragile,159.0,2330.0,1,1a,2,north,2.0,2.0,0,0
consumer,TEL,192.0,east,14269.7,Credit,fan shop,0.08,0.02,1,1143.6,fragile,81.0,1694.0,0,standard,5,central,3.0,1.0,1,3
consumer,UK,156.0,central,14183.94,UPI,fan shop,0.11,0.21,1,1561.83,not fragile,173.0,38604.0,0,1a,4,ne,3.0,3.0,1,3
consumer,TEL,361.0,north,28449.59,UPI,fan shop,0.06,0.16,1,1708.3,not fragile,85.0,1550.0,1,standard,5,west,2.0,1.0,0,3
others,MA,243.0,west,3503.92,Cash,fan shop,0.35,0.01,5,1226.26,fragile,194.0,14262.0,0,standard,4,north,3.0,1.0,0,3
corporate,JK,204.0,central,4282.95,Debit,apparel,-0.01,0.1,4,-40.98,not fragile,58.0,269.0,1,standard,4,west,5.0,3.0,1,0
consumer,MP,227.0,north,3534.87,Credit,golf,0.35,0.06,4,1237.0,fragile,63.0,1313.0,0,standard,5,south,3.0,1.0,0,6
consumer,MP,152.0,west,14126.98,Debit,fan shop,-0.77,0.21,1,-10867.6,not fragile,83.0,2631.0,0,2a,3,ne,2.0,3.0,1,3
others,BR,133.0,west,9261.8,Credit,apparel,0.35,0.12,1,3239.07,not fragile,78.0,340.0,0,standard,2,north,4.0,1.0,0,0
consumer,AP,119.0,north,7167.8,Credit,footwear,0.32,0.03,1,2293.72,fragile,75.0,410.0,1,standard,5,north,2.0,2.0,1,5
consumer,JK,377.0,central,28347.52,Credit,outdoors,-1.71,0.12,1,-48460.01,not fragile,91.0,2301.0,1,standard,5,central,3.0,1.0,1,3
consumer,UK,147.0,central,9348.97,UPI,apparel,0.29,0.03,1,2709.13,fragile,164.0,22166.0,0,standard,6,north,5.0,1.0,0,0
consumer,MA,349.0,west,28513.16,Credit,fan shop,-0.01,0.18,1,-282.39,not fragile,73.0,2065.0,0,standard,6,north,2.0,1.0,0,3
corporate,KA,131.0,east,3567.44,Credit,golf,0.1,0.03,3,358.64,not fragile,67.0,2110.0,0,standard,6,central,3.0,2.0,1,6
corporate,KA,119.0,east,3547.8,UPI,fan shop,-0.77,0.06,2,-2722.02,not fragile,86.0,20275.0,0,standard,6,central,3.0,1.0,1,3
consumer,AR,360.0,central,28337.67,UPI,fan shop,0.26,0.19,1,7368.86,not fragile,50.0,196.0,0,standard,4,south,2.0,1.0,1,3
consumer,PB,304.0,south,21248.55,Credit,fan shop,0.0,0.03,1,2.94,fragile,90.0,1080.0,1,standard,4,west,3.0,1.0,0,3
others,PB,202.0,central,15415.71,Debit,apparel,0.11,0.12,1,1697.24,fragile,69.0,235.0,0,standard,2,south,3.0,3.0,1,0
consumer,PB,52.0,central,3500.54,Credit,fan shop,0.11,0.16,1,385.42,not fragile,204.0,7260.0,1,1a,2,south,3.0,3.0,0,6
consumer,WB,196.0,north,2814.52,Debit,golf,0.29,0.01,4,816.67,not fragile,28.0,348.0,0,2a,2,west,4.0,2.0,0,6
others,PB,149.0,south,2757.77,UPI,golf,0.5,0.16,5,1376.33,fragile,90.0,430.0,1,standard,2,north,2.0,2.0,1,6
consumer,UP,73.0,west,1235.92,Credit,outdoors,0.39,0.02,4,482.37,not fragile,17.0,498.0,0,standard,3,central,3.0,2.0,0,8
corporate,HR,371.0,west,28359.35,UPI,fan shop,0.1,0.02,1,2836.49,not fragile,67.0,2016.0,0,standard,4,central,4.0,2.0,1,3
corporate,HP,111.0,west,9230.21,Credit,apparel,0.32,0.21,1,2952.51,not fragile,89.0,625.0,0,standard,3,central,3.0,3.0,1,0
corporate,HP,344.0,central,28359.47,Debit,fan shop,0.06,0.16,1,1702.29,not fragile,94.0,2788.0,0,2a,5,north,3.0,1.0,1,3
consumer,JK,407.0,west,28482.09,Debit,fan shop,0.16,0.1,1,4557.03,not fragile,51.0,274.0,1,standard,5,south,3.0,3.0,1,3
consumer,HR,28.0,central,1102.91,Credit,outdoors,0.24,0.25,1,265.1,fragile,95.0,1043.0,0,standard,4,west,4.0,1.0,1,Other
consumer,HR,431.0,north,28434.98,Credit,fan shop,0.29,0.01,1,8245.75,not fragile,110.0,2052.0,1,2a,3,north,4.0,2.0,1,3
corporate,UK,100.0,central,9372.57,Debit,apparel,0.35,0.25,1,3281.5,not fragile,93.0,1675.0,0,2a,5,central,3.0,2.0,1,0
consumer,RJ,191.0,east,14222.6,Debit,fan shop,-0.58,0.01,1,-8242.79,not fragile,37.0,838.0,1,2a,6,north,5.0,1.0,1,3
corporate,JK,266.0,south,3704.94,Debit,golf,-0.19,0.1,5,-700.03,not fragile,156.0,1020.0,0,standard,2,south,4.0,3.0,1,6
consumer,MP,86.0,central,2943.87,Debit,discs shop,0.48,0.06,1,1409.47,fragile,84.0,578.0,0,2a,3,south,3.0,3.0,1,6
corporate,PB,349.0,east,28515.63,Credit,fan shop,0.04,0.12,1,1141.32,not fragile,12.0,400.0,0,standard,2,central,2.0,3.0,0,3
corporate,UP,168.0,west,9305.37,Credit,apparel,0.48,0.0,1,4463.71,fragile,205.0,37957.0,0,standard,4,south,3.0,3.0,1,0
consumer,KA,412.0,central,28498.41,Credit,fan shop,0.11,0.06,1,3136.31,not fragile,63.0,1756.0,0,2a,6,north,3.0,3.0,1,3
others,PB,64.0,west,2314.55,UPI,book shop,-1.55,0.01,1,-3572.62,fragile,13.0,1080.0,0,standard,5,south,3.0,3.0,1,Other
consumer,MP,91.0,east,9178.89,Debit,apparel,0.26,0.19,1,2387.2,not fragile,61.0,1539.0,0,standard,4,west,4.0,2.0,1,0
corporate,RJ,274.0,west,21239.71,UPI,fan shop,0.11,0.16,1,2337.04,not fragile,92.0,2594.0,0,standard,2,central,3.0,1.0,1,3
consumer,UP,392.0,west,28371.85,UPI,fan shop,0.26,0.06,1,7375.76,fragile,83.0,1948.0,0,standard,4,central,4.0,3.0,0,3
consumer,JK,112.0,west,3697.17,Credit,golf,0.28,0.1,2,1034.52,fragile,40.0,1986.0,0,1a,2,south,4.0,3.0,1,3
consumer,OR,166.0,west,14223.68,Debit,fan shop,0.1,0.07,1,1424.57,not fragile,28.0,307.0,0,1a,4,west,3.0,1.0,0,3
consumer,KL,210.0,central,2865.13,Debit,golf,-0.86,0.21,5,-2453.68,not fragile,131.0,2137.0,0,standard,2,ne,4.0,1.0,1,6
consumer,KA,130.0,north,2992.53,Debit,golf,-1.55,0.16,4,-4624.71,not fragile,164.0,17779.0,0,2a,2,west,3.0,1.0,0,6
corporate,OR,41.0,east,4188.76,Debit,apparel,0.35,0.03,1,1465.56,not fragile,182.0,15740.0,0,standard,3,central,3.0,1.0,0,0
consumer,AP,221.0,west,17901.48,Cash,outdoors,0.29,0.03,1,5190.61,not fragile,60.0,1811.0,0,standard,6,north,4.0,1.0,0,Other
others,MA,89.0,east,2910.03,Debit,golf,0.06,0.18,3,175.51,not fragile,83.0,450.0,1,standard,3,central,4.0,3.0,0,6
corporate,HP,109.0,east,3640.23,Debit,golf,0.07,0.13,2,257.23,not fragile,154.0,41376.0,0,standard,2,central,5.0,1.0,1,3
corporate,GJ,305.0,south,28413.16,Cash,fan shop,0.26,0.25,1,7388.54,not fragile,76.0,461.0,0,standard,3,south,1.0,2.0,0,3
consumer,WB,76.0,west,2249.33,UPI,golf,-0.44,0.04,1,-983.12,not fragile,143.0,1298.0,0,standard,3,west,3.0,2.0,1,Other
consumer,GJ,165.0,east,3674.88,UPI,fan shop,0.5,0.04,3,1834.09,not fragile,161.0,2860.0,1,standard,6,north,3.0,3.0,1,3
consumer,PB,99.0,east,9163.53,Credit,apparel,0.34,0.16,1,3116.36,fragile,180.0,12525.0,1,elite,3,central,3.0,3.0,0,0
others,AP,216.0,west,4373.24,Debit,apparel,0.35,0.06,4,1528.42,fragile,64.0,884.0,0,elite,0,west,4.0,3.0,0,0
consumer,BR,108.0,central,3541.44,Debit,golf,0.26,0.25,2,921.04,not fragile,46.0,1608.0,0,2a,3,central,4.0,1.0,1,6
consumer,HR,168.0,west,2869.05,Debit,golf,-0.48,0.18,4,-1371.47,fragile,180.0,25134.0,1,standard,5,west,4.0,3.0,1,6
consumer,OR,188.0,south,3687.39,Debit,fan shop,0.38,0.16,4,1401.35,not fragile,108.0,1364.0,0,elite,0,central,4.0,3.0,1,6
consumer,MA,378.0,east,25324.53,Credit,apparel,0.29,0.06,1,7342.61,fragile,202.0,3502.0,0,2a,4,central,3.0,3.0,0,3
corporate,OR,117.0,central,3459.0,UPI,fan shop,-0.21,0.1,2,-723.03,not fragile,36.0,847.0,0,elite,4,central,3.0,1.0,1,6
consumer,JK,322.0,east,21265.12,Credit,fan shop,0.38,0.01,1,8080.6,not fragile,80.0,1320.0,1,standard,4,central,4.0,2.0,1,3
corporate,KA,173.0,east,14314.67,Debit,fan shop,0.35,0.19,1,5009.51,fragile,198.0,1961.0,0,standard,6,central,3.0,1.0,0,3
consumer,HP,281.0,east,21261.25,Debit,fan shop,0.5,0.04,1,10627.53,not fragile,76.0,3231.0,1,standard,5,west,3.0,3.0,0,3
consumer,WB,118.0,west,3610.8,UPI,golf,-0.01,0.02,2,-33.83,fragile,43.0,2185.0,0,1a,2,north,4.0,3.0,0,6
consumer,UP,186.0,south,4192.48,Credit,apparel,-0.81,0.06,3,-3389.41,fragile,134.0,2203.0,0,elite,0,north,3.0,3.0,0,0
others,JK,48.0,north,3524.93,UPI,fan shop,-0.81,0.11,1,-2845.64,not fragile,117.0,2132.0,0,standard,4,central,3.0,1.0,1,6
others,KL,158.0,north,3552.91,Debit,golf,0.24,0.1,3,852.46,fragile,63.0,341.0,1,standard,5,south,4.0,2.0,1,6
consumer,WB,162.0,west,3679.25,Debit,fan shop,0.29,0.02,3,1068.21,not fragile,194.0,30387.0,1,standard,6,central,2.0,1.0,0,3
corporate,UK,210.0,south,14321.39,Credit,fan shop,0.21,0.11,1,3007.12,fragile,65.0,1799.0,0,1a,2,north,3.0,3.0,0,3
consumer,WB,208.0,north,14169.58,UPI,fan shop,0.08,0.03,1,1135.06,not fragile,132.0,1390.0,0,standard,3,ne,4.0,2.0,1,3
corporate,PB,79.0,south,7132.79,Debit,footwear,0.35,0.16,1,2495.77,fragile,151.0,3008.0,0,standard,6,south,2.0,3.0,1,5
corporate,BR,355.0,north,32089.91,Cash,technology,0.47,0.25,1,15080.43,not fragile,32.0,1133.0,0,2a,6,central,3.0,2.0,1,Other
others,GJ,183.0,central,3364.04,Debit,outdoors,0.44,0.1,4,1477.69,not fragile,151.0,3100.0,0,2a,4,north,3.0,3.0,0,6
consumer,PB,290.0,north,21333.22,UPI,fan shop,0.19,0.16,1,4054.84,not fragile,132.0,2698.0,0,standard,2,north,4.0,1.0,0,3
corporate,MA,198.0,south,3459.98,UPI,fan shop,0.47,0.11,4,1626.53,fragile,163.0,25236.0,0,standard,6,west,3.0,1.0,1,6
corporate,RJ,182.0,south,3562.35,Cash,golf,0.37,0.25,4,1316.9,fragile,68.0,1360.0,1,standard,2,west,3.0,1.0,1,6
consumer,TEL,194.0,west,3674.29,Debit,golf,0.48,0.04,4,1761.65,fragile,25.0,322.0,1,1a,2,west,4.0,3.0,1,6
consumer,MP,267.0,central,3582.66,Credit,golf,0.13,0.02,5,466.85,not fragile,89.0,834.0,0,standard,3,central,4.0,3.0,0,6
consumer,HR,318.0,east,21376.42,Cash,fan shop,0.24,0.07,1,5129.84,not fragile,43.0,1413.0,0,2a,4,ne,4.0,3.0,0,3
consumer,BR,138.0,east,15266.03,UPI,apparel,0.04,0.25,1,612.63,not fragile,34.0,344.0,1,standard,3,south,4.0,2.0,1,3
others,AR,160.0,east,2876.96,Credit,golf,-0.38,0.13,4,-1087.68,fragile,27.0,320.0,1,standard,2,central,3.0,1.0,0,6
corporate,GJ,193.0,west,14191.41,Debit,fan shop,0.37,0.0,1,5250.56,fragile,77.0,1376.0,1,2a,3,central,2.0,2.0,1,3
consumer,AP,70.0,east,4365.81,UPI,apparel,-0.81,0.19,1,-3528.04,fragile,40.0,1639.0,0,2a,5,central,2.0,1.0,0,0
corporate,OR,111.0,south,9169.59,Debit,apparel,0.47,0.01,1,4306.38,not fragile,22.0,1246.0,0,standard,3,north,4.0,3.0,0,0
consumer,GJ,246.0,north,3612.09,UPI,golf,-0.11,0.07,5,-395.07,not fragile,119.0,1869.0,0,standard,5,north,3.0,3.0,0,6
others,OR,123.0,north,2951.45,UPI,golf,0.06,0.11,4,178.63,not fragile,32.0,193.0,1,standard,3,south,4.0,3.0,0,6
consumer,KL,255.0,north,4325.32,Debit,apparel,-0.7,0.11,4,-3021.53,not fragile,16.0,320.0,0,2a,5,central,4.0,1.0,0,0
others,PB,231.0,east,3695.34,Debit,fan shop,0.26,0.07,4,961.18,not fragile,162.0,13868.0,1,standard,3,central,3.0,2.0,1,6
consumer,PB,152.0,west,14349.35,Debit,fan shop,-0.06,0.19,1,-857.87,fragile,91.0,2401.0,1,standard,2,central,5.0,2.0,1,3
corporate,WB,221.0,south,7054.59,Credit,footwear,0.47,0.0,2,3314.95,not fragile,27.0,2130.0,1,elite,0,north,2.0,3.0,0,5
consumer,AR,207.0,east,3503.04,UPI,fan shop,0.47,0.12,5,1645.77,not fragile,164.0,27965.0,0,elite,0,north,3.0,2.0,1,6
corporate,UP,69.0,west,2247.91,Debit,footwear,0.47,0.13,2,1052.64,fragile,79.0,1069.0,1,1a,2,central,2.0,3.0,1,5
others,WB,84.0,central,7244.51,UPI,footwear,0.48,0.18,1,3476.83,fragile,51.0,180.0,0,standard,5,west,2.0,1.0,0,5
consumer,BR,265.0,east,21207.1,Debit,fan shop,0.41,0.06,1,8693.24,not fragile,177.0,2973.0,0,standard,4,central,4.0,3.0,0,3
consumer,RJ,35.0,north,3556.97,Credit,golf,0.37,0.06,1,1315.39,not fragile,124.0,1661.0,0,2a,5,central,2.0,3.0,0,6
consumer,JK,126.0,north,9303.82,UPI,apparel,-0.74,0.16,1,-6876.72,not fragile,156.0,2403.0,1,2a,3,ne,4.0,3.0,0,0
others,AP,212.0,east,4256.56,Debit,apparel,0.5,0.02,3,2126.34,fragile,32.0,392.0,0,standard,5,west,4.0,2.0,0,0
others,GJ,142.0,west,4318.72,Debit,apparel,0.32,0.16,2,1382.41,fragile,61.0,1619.0,0,standard,4,north,3.0,3.0,1,0
consumer,HP,284.0,central,21307.14,Cash,fan shop,0.35,0.13,1,7458.02,fragile,39.0,129.0,0,standard,4,north,5.0,3.0,1,3
consumer,KL,212.0,west,3483.66,UPI,golf,0.47,0.12,4,1635.53,not fragile,94.0,2538.0,0,standard,4,south,3.0,1.0,1,6
corporate,MA,222.0,west,3699.98,UPI,golf,0.29,0.04,4,1072.41,fragile,54.0,1100.0,1,standard,4,central,4.0,2.0,1,6
consumer,HR,419.0,east,28505.13,Credit,fan shop,0.37,0.03,1,10547.43,not fragile,56.0,237.0,0,1a,2,north,3.0,2.0,1,3
consumer,MP,192.0,central,3509.13,Debit,golf,0.11,0.04,4,386.44,not fragile,82.0,2438.0,1,standard,2,north,3.0,1.0,0,6
corporate,KL,339.0,south,28322.97,Credit,fan shop,0.16,0.16,1,4531.71,fragile,205.0,43887.0,1,standard,5,central,3.0,2.0,0,3
corporate,TEL,263.0,south,21270.44,UPI,fan shop,-0.1,0.18,1,-2124.48,not fragile,36.0,140.0,1,elite,2,north,3.0,1.0,0,3
corporate,AR,373.0,central,28543.72,Credit,fan shop,0.26,0.01,1,7421.91,not fragile,23.0,299.0,0,standard,2,north,4.0,3.0,1,3
consumer,TEL,160.0,south,3464.07,UPI,golf,0.31,0.03,3,1072.67,not fragile,70.0,133.0,0,standard,3,west,4.0,3.0,1,6
corporate,KL,177.0,south,2801.24,UPI,golf,0.06,0.11,4,170.23,fragile,85.0,1341.0,0,elite,0,central,3.0,3.0,0,6
others,RJ,150.0,south,9321.28,UPI,apparel,0.48,0.06,1,4471.32,not fragile,73.0,301.0,1,standard,5,south,4.0,1.0,0,0
consumer,AR,176.0,north,3478.45,Debit,golf,0.29,0.21,4,1009.11,fragile,44.0,1163.0,1,standard,2,west,4.0,3.0,1,6
consumer,UP,94.0,west,4007.74,Debit,footwear,0.02,0.06,2,81.36,not fragile,78.0,2177.0,1,2a,3,north,4.0,2.0,0,8
others,HP,99.0,central,7026.83,Credit,footwear,0.37,0.02,1,2598.54,not fragile,52.0,440.0,1,standard,2,south,2.0,3.0,0,5
consumer,TEL,118.0,east,9291.33,Debit,apparel,-0.19,0.16,1,-1762.1,fragile,73.0,2096.0,0,standard,3,south,4.0,3.0,0,0
others,MP,170.0,west,9152.16,Debit,apparel,-0.06,0.04,1,-546.24,not fragile,198.0,3752.0,0,1a,4,south,3.0,1.0,0,0
consumer,HP,331.0,north,28500.53,Debit,fan shop,0.35,0.21,1,9973.9,not fragile,206.0,7900.0,1,1a,2,north,3.0,3.0,0,3
consumer,KA,28.0,south,4324.3,Debit,apparel,0.26,0.16,1,1123.41,not fragile,200.0,3250.0,1,standard,4,central,4.0,3.0,0,0
corporate,GJ,115.0,south,9154.89,Cash,apparel,0.35,0.03,1,3203.54,fragile,176.0,1053.0,1,standard,4,north,5.0,2.0,0,0
corporate,MP,173.0,east,14257.36,Cash,fan shop,0.11,0.13,1,1570.3,not fragile,113.0,2534.0,1,standard,2,north,4.0,1.0,1,3
corporate,HR,212.0,south,4599.97,Cash,outdoors,0.35,0.19,4,1607.8,fragile,38.0,47.0,1,standard,5,north,5.0,1.0,0,0
consumer,PB,408.0,central,7102.47,Debit,footwear,0.22,0.21,5,1562.9,fragile,70.0,257.0,0,standard,5,ne,5.0,2.0,1,5
corporate,HP,255.0,east,3415.25,UPI,outdoors,0.48,0.0,5,1638.5,fragile,188.0,19841.0,1,standard,4,south,3.0,2.0,0,3
corporate,UP,232.0,west,3699.94,Credit,golf,0.35,0.02,4,1293.04,not fragile,15.0,1206.0,0,standard,4,west,2.0,3.0,0,3
consumer,MA,306.0,north,7135.69,UPI,footwear,0.18,0.13,3,1284.68,fragile,63.0,1725.0,0,standard,6,central,2.0,3.0,1,5
consumer,MA,372.0,west,28471.81,UPI,fan shop,0.16,0.11,1,4556.79,fragile,18.0,1965.0,0,standard,2,north,3.0,3.0,1,3
consumer,HR,28.0,south,1142.91,Credit,outdoors,-2.3,0.07,1,-2607.43,fragile,153.0,1189.0,1,2a,4,central,3.0,1.0,0,8
consumer,OR,203.0,west,3636.06,UPI,golf,0.35,0.16,4,1272.34,fragile,200.0,2257.0,0,standard,3,north,5.0,2.0,1,6
corporate,OR,119.0,south,3675.7,Debit,fan shop,0.19,0.19,2,698.6,fragile,85.0,1283.0,0,standard,3,north,2.0,2.0,0,6
corporate,GJ,196.0,south,4384.8,UPI,apparel,-0.24,0.03,3,-1048.39,not fragile,101.0,1360.0,0,standard,2,north,5.0,3.0,1,0
corporate,OR,240.0,south,14139.63,Debit,fan shop,0.35,0.06,1,4948.93,not fragile,111.0,1404.0,0,standard,2,central,4.0,3.0,0,3
consumer,JK,245.0,east,3492.19,Debit,fan shop,0.29,0.06,5,1013.1,not fragile,189.0,2427.0,0,2a,6,central,4.0,2.0,1,3
corporate,AP,211.0,north,14287.54,Cash,fan shop,-1.5,0.01,1,-21413.18,not fragile,70.0,1628.0,0,standard,4,west,2.0,3.0,0,3
consumer,MA,46.0,east,4371.51,Credit,apparel,0.21,0.19,1,917.8,fragile,206.0,32178.0,0,2a,3,central,4.0,2.0,1,0
consumer,UK,348.0,east,28363.73,Credit,fan shop,0.21,0.13,1,5956.33,fragile,33.0,492.0,0,standard,4,north,5.0,2.0,0,3
consumer,OR,61.0,west,1752.11,UPI,outdoors,0.37,0.16,4,647.46,not fragile,56.0,1957.0,0,standard,5,central,5.0,2.0,0,8
corporate,MA,396.0,north,7084.28,Cash,footwear,0.47,0.12,4,3326.1,not fragile,78.0,498.0,1,standard,4,south,3.0,1.0,1,5
corporate,RJ,96.0,south,3506.43,Debit,fan shop,0.5,0.02,2,1748.86,not fragile,111.0,2022.0,1,2a,4,west,3.0,3.0,0,6
consumer,HP,253.0,north,21299.55,Debit,fan shop,-1.5,0.18,1,-31933.84,fragile,179.0,3688.0,0,2a,4,central,4.0,3.0,1,3
consumer,WB,73.0,north,4312.57,Debit,apparel,0.26,0.16,1,1121.7,fragile,49.0,1628.0,0,standard,4,north,3.0,3.0,0,0
corporate,JK,324.0,central,21258.5,Cash,fan shop,0.26,0.06,1,5528.57,fragile,185.0,2422.0,1,standard,4,south,2.0,3.0,0,3
others,MA,142.0,central,3515.96,UPI,fan shop,0.11,0.01,2,387.63,fragile,111.0,1296.0,0,standard,6,west,2.0,2.0,0,6
others,HR,423.0,central,28514.1,Debit,fan shop,-0.74,0.03,1,-21093.03,not fragile,128.0,2889.0,0,1a,2,ne,2.0,2.0,0,3
corporate,OR,178.0,east,14230.86,UPI,fan shop,0.1,0.18,1,1424.38,fragile,175.0,3035.0,0,standard,3,central,4.0,3.0,0,3
corporate,KA,258.0,north,7135.44,Debit,footwear,-0.01,0.25,3,-69.41,not fragile,130.0,3726.0,0,standard,4,west,4.0,3.0,1,5
consumer,KA,134.0,central,3521.43,Credit,fan shop,0.28,0.01,3,986.68,not fragile,197.0,26000.0,1,1a,2,central,4.0,1.0,0,3
corporate,MA,92.0,west,4264.13,Debit,apparel,0.21,0.16,2,894.35,not fragile,91.0,3792.0,1,2a,4,south,4.0,3.0,1,0
corporate,KA,329.0,south,21259.88,Debit,fan shop,0.37,0.0,1,7864.07,not fragile,153.0,3307.0,1,standard,4,central,2.0,2.0,0,3
consumer,UK,148.0,east,9167.11,Debit,apparel,0.45,0.18,1,4124.16,not fragile,95.0,1075.0,0,standard,4,south,2.0,1.0,1,0
consumer,UK,141.0,north,3596.32,Cash,golf,0.45,0.25,4,1617.6,fragile,73.0,1871.0,1,standard,4,north,4.0,1.0,0,3
consumer,UK,181.0,south,7188.98,Credit,footwear,-0.48,0.0,2,-3443.66,not fragile,73.0,1796.0,1,standard,4,south,3.0,3.0,1,5
consumer,GJ,36.0,east,2967.09,Debit,golf,0.5,0.16,1,1479.74,fragile,157.0,2842.0,1,standard,5,north,2.0,3.0,0,6
corporate,UP,347.0,north,28530.42,Credit,fan shop,0.37,0.07,1,10554.5,fragile,49.0,1348.0,0,1a,2,south,2.0,3.0,0,3
corporate,MP,151.0,south,9357.94,Debit,apparel,0.08,0.18,1,749.9,not fragile,152.0,2254.0,0,standard,3,south,4.0,2.0,1,0
others,HR,133.0,east,9246.64,Credit,apparel,0.35,0.16,1,3234.62,not fragile,97.0,2831.0,0,standard,5,central,3.0,1.0,1,0
corporate,JK,220.0,east,14207.57,Credit,fan shop,0.45,0.0,1,6390.33,fragile,31.0,1381.0,1,2a,5,central,4.0,1.0,1,3
consumer,WB,197.0,east,3516.61,Debit,golf,0.48,0.18,5,1686.44,fragile,60.0,499.0,1,1a,2,south,5.0,3.0,0,6
consumer,HR,136.0,north,4299.4,UPI,apparel,0.11,0.13,2,473.71,fragile,194.0,17179.0,1,standard,5,south,3.0,3.0,0,0
others,HR,78.0,south,3585.62,Debit,fan shop,0.48,0.16,1,1720.62,fragile,28.0,438.0,1,standard,5,north,2.0,3.0,1,6
corporate,PB,132.0,north,9239.79,UPI,apparel,-0.74,0.19,1,-6830.26,not fragile,27.0,1780.0,1,standard,5,south,4.0,1.0,0,0
consumer,PB,309.0,west,21259.95,Debit,fan shop,0.47,0.0,1,9989.89,fragile,20.0,1074.0,0,standard,5,west,2.0,2.0,0,3
corporate,MA,124.0,north,3455.46,Debit,fan shop,-2.55,0.16,3,-8794.04,fragile,51.0,1080.0,0,standard,3,central,3.0,3.0,1,3
others,AP,97.0,west,3578.68,Debit,fan shop,0.06,0.02,2,215.42,fragile,180.0,10008.0,0,2a,4,west,2.0,1.0,0,6
consumer,KA,309.0,west,5640.19,UPI,outdoors,0.0,0.18,5,2.14,fragile,163.0,15150.0,1,standard,4,north,4.0,2.0,1,0
corporate,OR,283.0,north,21264.86,UPI,fan shop,-0.19,0.11,1,-4037.79,not fragile,81.0,1585.0,0,1a,2,north,5.0,2.0,1,3
consumer,GJ,75.0,north,3703.58,UPI,golf,0.1,0.06,1,370.91,fragile,69.0,2082.0,1,standard,5,north,5.0,1.0,1,6
others,MP,282.0,east,7067.09,UPI,footwear,0.29,0.18,3,2049.7,fragile,187.0,32347.0,1,1a,3,north,3.0,3.0,0,5
corporate,KA,188.0,east,4199.34,UPI,apparel,0.24,0.16,3,1009.21,not fragile,191.0,1877.0,1,2a,3,west,5.0,2.0,1,0
others,BR,160.0,central,14184.01,UPI,fan shop,-0.74,0.19,1,-10486.38,fragile,26.0,2098.0,1,standard,6,central,3.0,1.0,0,3
consumer,MP,143.0,south,3554.97,Debit,golf,0.16,0.06,2,568.28,fragile,78.0,2546.0,0,standard,5,central,4.0,3.0,0,6
corporate,BR,420.0,east,7123.96,Debit,footwear,0.19,0.0,4,1352.94,fragile,76.0,1399.0,1,standard,5,central,2.0,2.0,0,5
corporate,JK,405.0,central,28438.34,Cash,fan shop,0.08,0.03,1,2275.72,not fragile,174.0,3783.0,0,1a,2,south,4.0,1.0,1,3
consumer,MP,141.0,west,7146.83,Debit,footwear,-0.22,0.01,1,-1568.72,not fragile,81.0,1154.0,1,2a,4,south,2.0,2.0,1,5
consumer,TEL,104.0,central,3503.47,Credit,golf,0.35,0.16,2,1225.3,not fragile,57.0,1656.0,0,standard,4,north,4.0,3.0,0,6
others,KL,123.0,west,3620.9,Debit,fan shop,0.47,0.02,2,1699.92,fragile,207.0,23014.0,0,standard,3,central,4.0,1.0,0,3
others,PB,542.0,west,37908.82,Cash,outdoors,0.19,0.07,1,7203.09,not fragile,16.0,139.0,0,standard,3,south,5.0,1.0,0,8
others,KL,134.0,north,2450.0,UPI,footwear,0.45,0.13,4,1100.45,fragile,30.0,256.0,0,standard,4,central,2.0,2.0,0,5
consumer,KL,363.0,south,28344.38,Debit,fan shop,-0.74,0.04,1,-20969.39,not fragile,87.0,1033.0,1,standard,5,central,4.0,2.0,0,3
consumer,JK,136.0,east,9199.14,Debit,apparel,0.35,0.03,1,3218.27,fragile,126.0,2489.0,0,standard,5,west,3.0,1.0,0,0
corporate,HP,149.0,south,3623.52,Cash,golf,0.34,0.1,3,1230.64,not fragile,77.0,3414.0,1,standard,4,north,4.0,2.0,1,6
corporate,BR,254.0,south,7215.03,UPI,footwear,0.29,0.1,3,2092.69,fragile,110.0,2040.0,0,standard,6,central,4.0,1.0,0,5
consumer,MA,89.0,west,4306.37,UPI,apparel,0.48,0.03,1,2064.94,not fragile,120.0,1760.0,1,standard,2,north,4.0,2.0,1,0
consumer,UP,185.0,north,14221.99,UPI,fan shop,0.01,0.06,1,144.25,not fragile,79.0,2384.0,0,standard,4,ne,4.0,2.0,0,3
corporate,MP,174.0,south,14156.13,Debit,fan shop,0.26,0.06,1,3680.82,not fragile,164.0,37939.0,0,standard,4,north,3.0,2.0,0,3
corporate,WB,243.0,south,4246.16,UPI,apparel,-0.69,0.06,4,-2922.01,not fragile,130.0,2436.0,1,1a,2,central,3.0,1.0,0,0
consumer,HP,146.0,central,9190.13,Credit,apparel,0.16,0.16,1,1471.23,not fragile,173.0,13085.0,1,standard,3,north,4.0,2.0,0,0
corporate,PB,306.0,north,4330.76,Credit,apparel,0.31,0.06,5,1341.79,not fragile,40.0,362.0,0,standard,5,central,4.0,1.0,1,0
corporate,MA,421.0,west,28453.65,Debit,fan shop,-0.06,0.06,1,-1705.19,not fragile,53.0,971.0,0,standard,2,central,4.0,2.0,1,3
others,WB,212.0,south,7127.82,Debit,footwear,0.12,0.19,2,857.28,fragile,28.0,1515.0,0,standard,4,central,2.0,2.0,1,5
consumer,JK,82.0,west,9289.69,Debit,apparel,-0.83,0.19,1,-7702.77,not fragile,175.0,2573.0,0,2a,3,north,2.0,1.0,0,0
consumer,BR,231.0,central,7248.38,Debit,footwear,0.21,0.06,2,1522.12,not fragile,85.0,619.0,0,2a,6,ne,3.0,3.0,0,5
consumer,MA,358.0,central,28364.89,UPI,fan shop,-0.24,0.19,1,-6804.07,fragile,122.0,1680.0,0,standard,4,central,3.0,1.0,1,3
consumer,AP,232.0,east,4587.94,Cash,outdoors,0.11,0.04,4,505.17,not fragile,87.0,1729.0,1,standard,5,west,4.0,1.0,1,8
consumer,MA,145.0,central,2904.09,Cash,golf,0.31,0.01,3,900.38,not fragile,87.0,1906.0,0,standard,4,central,3.0,1.0,1,6
consumer,UP,301.0,south,21452.15,Credit,fan shop,0.15,0.02,1,3218.5,not fragile,107.0,3530.0,1,1a,3,south,5.0,1.0,0,3
corporate,JK,1521.0,central,106648.94,Debit,technology,0.35,0.0,1,37326.87,fragile,64.0,406.0,0,1a,2,central,4.0,2.0,0,Other
corporate,RJ,383.0,north,28406.54,Debit,fan shop,0.37,0.04,1,10509.49,not fragile,200.0,3213.0,1,2a,3,central,4.0,1.0,1,3
consumer,BR,56.0,north,3657.55,UPI,fan shop,0.35,0.16,1,1280.32,fragile,36.0,1812.0,1,2a,4,west,2.0,3.0,1,3
consumer,HP,153.0,east,14193.38,Debit,fan shop,0.32,0.25,1,4540.45,not fragile,164.0,16977.0,0,1a,4,north,4.0,2.0,1,3
consumer,UK,260.0,south,21414.72,Debit,fan shop,0.02,0.1,1,430.18,not fragile,188.0,21612.0,0,2a,5,central,4.0,3.0,0,3
others,HR,332.0,north,28335.99,Debit,fan shop,-1.65,0.18,1,-46735.03,not fragile,19.0,1119.0,0,1a,2,south,5.0,1.0,0,3
consumer,JK,36.0,south,3548.34,Credit,fan shop,0.16,0.1,1,569.81,not fragile,91.0,1192.0,0,standard,6,central,3.0,3.0,0,6
others,HR,53.0,north,3487.39,UPI,golf,0.32,0.13,1,1116.21,not fragile,70.0,1819.0,1,standard,6,north,4.0,1.0,1,3
corporate,UP,374.0,central,28544.61,Debit,fan shop,0.11,0.07,1,3140.97,not fragile,145.0,2858.0,0,standard,5,ne,3.0,3.0,0,3
others,OR,208.0,central,14164.88,Credit,fan shop,0.29,0.06,1,4106.36,not fragile,184.0,1092.0,1,standard,4,central,4.0,3.0,1,3
consumer,JK,400.0,west,28333.21,UPI,fan shop,0.48,0.03,1,13597.82,not fragile,134.0,3741.0,1,1a,2,north,4.0,3.0,0,3
others,UK,31.0,east,2939.52,Credit,discs shop,-0.68,0.16,1,-1990.35,not fragile,89.0,1827.0,0,standard,5,south,3.0,3.0,0,6
consumer,KL,153.0,north,14277.38,Debit,fan shop,0.13,0.19,1,1857.55,fragile,104.0,1738.0,1,standard,6,central,4.0,2.0,1,3
corporate,MA,229.0,west,14214.85,Debit,fan shop,-0.74,0.07,1,-10509.96,not fragile,45.0,705.0,0,2a,3,south,5.0,1.0,1,3
consumer,AP,134.0,east,9264.69,Credit,apparel,-0.81,0.1,1,-7495.52,not fragile,197.0,12346.0,0,standard,4,central,5.0,1.0,1,0
consumer,HP,201.0,west,3456.22,Cash,fan shop,0.19,0.21,5,656.67,fragile,166.0,3748.0,0,standard,4,central,5.0,3.0,1,6
corporate,JK,273.0,south,4190.14,Credit,apparel,0.5,0.03,4,2090.83,not fragile,13.0,1164.0,1,standard,5,south,3.0,2.0,1,0
consumer,KA,444.0,north,32082.53,Debit,technology,0.35,0.02,1,11228.17,not fragile,140.0,1624.0,0,1a,4,central,4.0,2.0,0,Other
consumer,HR,154.0,west,9177.28,Debit,apparel,0.29,0.21,1,2659.73,not fragile,172.0,3024.0,0,2a,3,south,4.0,1.0,1,0
others,AR,225.0,central,4215.82,UPI,apparel,0.1,0.03,4,423.71,not fragile,70.0,1543.0,1,standard,4,central,2.0,1.0,1,0
consumer,KA,329.0,south,4376.59,Debit,apparel,-0.19,0.02,5,-827.72,fragile,197.0,37568.0,0,standard,4,south,4.0,1.0,1,0
corporate,UK,79.0,east,4181.33,UPI,apparel,0.47,0.21,1,1962.9,fragile,79.0,342.0,1,standard,3,north,3.0,2.0,1,0
consumer,WB,294.0,south,21369.92,Credit,fan shop,-2.6,0.01,1,-55541.63,not fragile,61.0,277.0,0,standard,6,central,4.0,2.0,0,3
corporate,JK,211.0,south,18649.29,UPI,discs shop,0.02,0.16,1,374.29,not fragile,113.0,3571.0,0,standard,3,south,3.0,2.0,0,3
consumer,GJ,44.0,central,2814.41,Credit,golf,0.02,0.03,1,57.21,not fragile,160.0,3152.0,0,standard,3,south,4.0,2.0,0,Other
consumer,UP,231.0,west,21241.09,UPI,fan shop,0.29,0.18,1,6160.35,fragile,41.0,1665.0,1,2a,6,north,3.0,1.0,0,3
others,MP,56.0,south,2832.98,Debit,discs shop,0.24,0.16,1,681.04,not fragile,206.0,4217.0,0,standard,3,south,4.0,2.0,0,6
consumer,PB,205.0,south,4212.18,Credit,apparel,0.26,0.03,3,1094.59,not fragile,68.0,1364.0,1,1a,2,central,4.0,1.0,1,0
corporate,JK,100.0,south,3558.66,UPI,fan shop,-0.74,0.02,2,-2626.54,fragile,102.0,1464.0,0,standard,4,ne,3.0,1.0,1,6
others,MA,131.0,central,3584.49,Debit,fan shop,0.1,0.12,3,360.06,fragile,43.0,2122.0,0,standard,6,west,3.0,2.0,1,6
others,WB,146.0,north,2862.29,Cash,golf,0.19,0.07,3,544.52,not fragile,140.0,2510.0,1,1a,2,south,3.0,3.0,1,6
corporate,KL,37.0,east,1795.49,Credit,fitness,-1.61,0.12,2,-2877.06,fragile,196.0,17737.0,0,standard,3,north,5.0,2.0,1,8
corporate,JK,75.0,west,4231.11,Debit,apparel,-0.1,0.03,1,-420.72,fragile,33.0,1690.0,1,standard,5,ne,4.0,3.0,0,0
consumer,KL,146.0,north,9164.44,UPI,apparel,0.12,0.01,1,1101.34,not fragile,65.0,629.0,0,1a,2,south,4.0,1.0,0,0
others,AR,153.0,central,3569.4,UPI,golf,0.06,0.02,3,215.77,fragile,83.0,256.0,1,standard,2,central,4.0,1.0,0,6
consumer,BR,324.0,north,28467.98,Debit,fan shop,0.06,0.13,1,1710.34,fragile,173.0,17387.0,0,standard,5,north,3.0,2.0,1,3
corporate,BR,410.0,east,28363.81,Debit,fan shop,0.28,0.03,1,7942.63,not fragile,152.0,2189.0,0,standard,6,central,5.0,2.0,0,3
corporate,OR,55.0,west,1852.29,Credit,fitness,0.13,0.06,2,241.74,fragile,167.0,3112.0,0,standard,5,ne,4.0,2.0,1,8
consumer,HR,108.0,south,7177.84,Cash,footwear,-0.21,0.02,1,-1502.83,fragile,19.0,1207.0,0,1a,3,central,3.0,3.0,1,5
consumer,WB,235.0,south,21441.38,UPI,fan shop,0.47,0.18,1,10075.14,not fragile,102.0,1437.0,0,standard,6,north,4.0,2.0,1,3
corporate,PB,211.0,central,3682.26,UPI,fan shop,0.38,0.19,4,1397.95,fragile,177.0,1227.0,0,standard,5,north,2.0,2.0,1,6
corporate,WB,62.0,east,3485.14,Credit,fan shop,0.35,0.0,1,1218.62,not fragile,169.0,3357.0,0,2a,4,south,4.0,1.0,0,6
others,JK,166.0,north,3501.53,Debit,fan shop,0.35,0.03,3,1224.51,not fragile,85.0,2988.0,1,standard,2,central,4.0,1.0,0,6
corporate,BR,358.0,west,28479.81,UPI,fan shop,0.47,0.21,1,13382.47,fragile,12.0,2159.0,1,standard,6,central,2.0,3.0,1,3
consumer,WB,150.0,south,4390.28,UPI,apparel,0.08,0.11,3,352.78,fragile,37.0,29.0,0,standard,3,central,3.0,2.0,0,0
consumer,MA,242.0,central,4331.22,Credit,apparel,0.48,0.18,5,2077.58,not fragile,162.0,24692.0,1,1a,3,north,4.0,3.0,1,0
corporate,UP,116.0,east,2556.06,Debit,footwear,0.13,0.01,2,332.14,fragile,134.0,1411.0,1,standard,4,south,3.0,3.0,0,8
consumer,BR,63.0,east,3678.71,Debit,fan shop,0.22,0.19,2,809.81,fragile,73.0,881.0,0,standard,5,ne,4.0,1.0,1,6
consumer,UP,442.0,south,28430.17,Cash,fan shop,0.31,0.01,1,8813.82,fragile,88.0,462.0,0,standard,5,central,2.0,2.0,1,3
consumer,KL,109.0,south,2871.62,Debit,golf,0.06,0.01,3,173.9,fragile,24.0,177.0,1,standard,5,central,2.0,3.0,0,6
consumer,RJ,130.0,central,1913.69,UPI,golf,0.24,0.16,4,460.01,fragile,124.0,1076.0,1,1a,2,ne,4.0,2.0,1,8
others,WB,137.0,south,3693.51,Credit,golf,0.35,0.01,3,1290.14,not fragile,32.0,1436.0,0,elite,2,south,3.0,3.0,1,3
corporate,HP,401.0,north,28424.77,Debit,fan shop,-0.11,0.06,1,-3123.51,fragile,182.0,16013.0,1,standard,2,ne,3.0,1.0,1,3
others,HP,98.0,east,6045.39,Credit,pet shop,0.35,0.16,1,2115.28,not fragile,56.0,284.0,1,standard,4,south,2.0,1.0,0,Other
consumer,GJ,149.0,west,9156.18,Debit,apparel,0.47,0.04,1,4302.86,not fragile,51.0,1328.0,1,standard,3,central,4.0,3.0,1,0
consumer,MP,343.0,north,28434.19,Debit,fan shop,0.5,0.11,1,14216.69,fragile,40.0,693.0,0,standard,3,central,2.0,1.0,0,3
others,WB,78.0,west,1248.92,Cash,outdoors,0.35,0.0,4,437.65,not fragile,77.0,3255.0,0,2a,2,west,4.0,3.0,1,8
corporate,PB,100.0,east,9292.56,Credit,apparel,0.45,0.07,1,4179.27,not fragile,153.0,2400.0,0,elite,2,south,5.0,1.0,0,0
consumer,AR,141.0,west,3515.43,UPI,fan shop,-0.78,0.03,3,-2731.09,fragile,146.0,3505.0,1,standard,3,south,4.0,3.0,1,6
corporate,HP,144.0,east,7097.94,UPI,footwear,0.44,0.06,1,3121.26,not fragile,32.0,356.0,1,standard,5,central,2.0,2.0,0,5
corporate,HP,215.0,central,3653.38,Credit,golf,0.01,0.12,4,38.5,not fragile,97.0,3482.0,1,standard,3,west,4.0,3.0,0,6
corporate,HP,103.0,north,9252.09,UPI,apparel,-0.78,0.07,1,-7206.16,fragile,131.0,3289.0,0,standard,5,south,4.0,1.0,1,0
consumer,PB,34.0,west,4352.04,UPI,apparel,0.13,0.03,1,567.24,fragile,173.0,32475.0,1,standard,4,north,4.0,3.0,0,0
corporate,KA,176.0,west,4199.25,Debit,apparel,-0.24,0.11,3,-1005.38,not fragile,126.0,1148.0,1,1a,2,central,4.0,1.0,1,0
consumer,AR,347.0,west,28369.6,UPI,fan shop,0.48,0.1,1,13614.34,fragile,120.0,3192.0,0,1a,2,west,3.0,2.0,1,3
corporate,HP,274.0,east,3513.45,UPI,golf,0.38,0.03,5,1332.86,not fragile,19.0,611.0,0,2a,3,central,2.0,1.0,1,6
consumer,AP,47.0,north,2969.93,UPI,golf,0.34,0.12,2,1009.5,fragile,85.0,482.0,0,standard,5,central,4.0,3.0,0,6
corporate,MP,277.0,west,7211.31,UPI,footwear,0.28,0.04,3,2019.05,fragile,60.0,1275.0,0,standard,4,west,4.0,3.0,1,5
consumer,UP,353.0,south,28512.99,Debit,fan shop,0.29,0.19,1,8269.23,not fragile,160.0,2648.0,1,2a,2,north,4.0,1.0,0,3
corporate,GJ,122.0,central,4305.18,UPI,apparel,0.38,0.02,2,1634.99,not fragile,72.0,261.0,0,standard,4,central,5.0,1.0,1,0
corporate,BR,207.0,south,4387.16,UPI,apparel,-0.77,0.11,4,-3367.83,fragile,49.0,2127.0,0,standard,2,north,4.0,2.0,1,0
consumer,BR,246.0,east,21360.57,UPI,fan shop,-0.06,0.16,1,-1279.3,fragile,183.0,2580.0,0,2a,4,south,3.0,3.0,1,3
others,AP,177.0,south,14344.1,Debit,fan shop,0.29,0.12,1,4159.81,fragile,115.0,2815.0,0,2a,4,south,4.0,1.0,0,3
consumer,UK,364.0,central,28527.33,Debit,fan shop,0.34,0.06,1,9699.81,not fragile,133.0,1412.0,0,standard,2,west,4.0,2.0,0,3
corporate,TEL,91.0,south,3461.02,Debit,fan shop,0.38,0.07,2,1314.16,fragile,62.0,380.0,0,elite,4,central,4.0,2.0,1,3
others,JK,187.0,west,14213.89,UPI,fan shop,0.07,0.06,1,996.35,fragile,78.0,2696.0,0,standard,3,north,4.0,1.0,1,3
consumer,UP,189.0,south,14326.49,Debit,fan shop,0.34,0.02,1,4870.81,fragile,181.0,18174.0,0,1a,4,south,3.0,2.0,0,3
others,WB,384.0,west,28490.7,Credit,fan shop,-0.19,0.06,1,-5410.59,fragile,35.0,660.0,0,standard,3,south,3.0,2.0,0,3
others,UK,63.0,central,3705.55,Debit,golf,0.13,0.21,2,481.78,fragile,53.0,379.0,0,standard,3,north,3.0,3.0,1,6
others,RJ,390.0,central,28482.98,Debit,fan shop,0.29,0.16,1,8258.93,fragile,85.0,2422.0,0,standard,2,north,5.0,2.0,0,3
corporate,KL,350.0,east,25451.95,Debit,apparel,0.21,0.16,1,5344.86,fragile,88.0,1324.0,1,2a,4,south,3.0,2.0,0,3
others,MA,385.0,central,28450.45,Debit,fan shop,0.37,0.06,1,10526.04,fragile,84.0,3703.0,0,standard,2,north,4.0,1.0,0,3
consumer,JK,113.0,west,5990.91,Credit,pet shop,0.08,0.12,1,481.44,not fragile,68.0,1810.0,0,standard,4,south,4.0,2.0,0,Other
corporate,AR,105.0,central,9358.39,Debit,apparel,0.11,0.16,1,1029.75,not fragile,205.0,25679.0,0,standard,4,south,4.0,3.0,1,0
others,UK,95.0,south,9157.05,Credit,apparel,0.35,0.16,1,3205.51,not fragile,32.0,2127.0,0,standard,4,south,4.0,1.0,1,0
consumer,HP,120.0,central,7941.58,Cash,outdoors,0.04,0.13,1,318.95,not fragile,85.0,1598.0,1,2a,3,central,3.0,3.0,1,8
others,MA,182.0,south,4290.19,UPI,apparel,0.29,0.0,3,1243.57,fragile,19.0,1293.0,0,standard,5,south,2.0,2.0,1,0
consumer,KL,57.0,south,2854.21,UPI,discs shop,0.47,0.19,1,1340.56,fragile,38.0,2173.0,0,1a,2,south,3.0,1.0,1,6
others,MA,112.0,north,9360.86,Debit,apparel,-0.03,0.12,1,-279.48,not fragile,37.0,359.0,1,standard,6,north,1.0,3.0,0,0
consumer,PB,335.0,east,21296.88,Debit,fan shop,0.48,0.01,1,10220.94,not fragile,35.0,1486.0,1,standard,4,central,2.0,2.0,1,3
consumer,WB,272.0,north,21420.34,Debit,fan shop,0.01,0.1,1,215.33,not fragile,21.0,542.0,1,standard,3,central,4.0,2.0,1,3
others,UP,456.0,south,7154.97,Credit,footwear,-0.01,0.11,5,-69.41,not fragile,180.0,20416.0,0,1a,2,central,3.0,1.0,1,5
consumer,UP,79.0,south,2877.79,Debit,discs shop,-0.11,0.21,1,-314.44,not fragile,168.0,35662.0,0,standard,4,south,3.0,1.0,0,6
consumer,UP,468.0,west,7225.52,Debit,footwear,-0.88,0.04,5,-6350.1,not fragile,164.0,37246.0,0,standard,5,ne,4.0,2.0,1,5
consumer,AR,157.0,north,14188.02,Debit,fan shop,-0.21,0.16,1,-2976.65,not fragile,197.0,27868.0,0,standard,4,south,3.0,1.0,0,3
consumer,UK,166.0,west,14229.14,Credit,fan shop,0.29,0.16,1,4125.15,not fragile,189.0,2063.0,0,2a,3,west,4.0,1.0,1,3
consumer,UK,53.0,south,4407.0,UPI,apparel,0.5,0.06,1,2202.65,not fragile,135.0,1135.0,1,1a,2,central,4.0,2.0,1,0
corporate,WB,213.0,west,4293.62,Debit,apparel,0.34,0.02,4,1459.91,fragile,192.0,9491.0,1,standard,5,west,3.0,3.0,0,0
consumer,UP,175.0,south,7091.98,Debit,footwear,0.48,0.21,2,3401.64,not fragile,152.0,2980.0,0,standard,6,west,3.0,2.0,0,5
others,RJ,279.0,west,21389.96,Debit,fan shop,0.37,0.0,1,7913.35,not fragile,72.0,1687.0,0,2a,6,south,2.0,3.0,0,3
others,AR,322.0,central,21398.46,Debit,fan shop,0.06,0.01,1,1285.57,not fragile,56.0,311.0,0,standard,3,north,4.0,3.0,0,3
consumer,BR,389.0,south,28411.89,Debit,fan shop,0.11,0.13,1,3125.68,not fragile,63.0,955.0,0,standard,4,west,3.0,1.0,1,3
consumer,OR,103.0,west,2274.46,Cash,fan shop,-1.43,0.1,4,-3240.07,not fragile,99.0,9576.0,0,1a,3,ne,3.0,3.0,1,8
others,AP,57.0,north,3447.74,Credit,outdoors,0.47,0.16,2,1620.12,not fragile,60.0,2163.0,0,standard,5,ne,4.0,1.0,1,6
consumer,HR,29.0,west,1838.75,Debit,outdoors,0.47,0.07,1,861.42,fragile,86.0,225.0,1,standard,5,north,4.0,1.0,1,8
consumer,AR,326.0,east,28364.55,Cash,fan shop,-0.83,0.16,1,-23532.89,not fragile,208.0,38856.0,0,elite,3,north,4.0,1.0,0,3
consumer,MA,412.0,central,28323.54,Credit,fan shop,0.04,0.03,1,1135.15,fragile,93.0,1233.0,0,standard,2,west,2.0,3.0,1,3
corporate,AR,209.0,east,4261.46,UPI,apparel,-0.28,0.07,3,-1189.71,not fragile,99.0,32247.0,0,standard,6,north,3.0,2.0,0,0
consumer,GJ,94.0,west,3612.67,Debit,fan shop,0.41,0.06,1,1480.48,fragile,71.0,108.0,0,standard,2,north,2.0,3.0,1,6
consumer,AR,109.0,central,9276.43,Debit,apparel,0.35,0.16,1,3246.37,fragile,43.0,1067.0,0,standard,6,west,4.0,2.0,1,0
others,MA,178.0,north,14185.64,Credit,fan shop,0.08,0.06,1,1135.04,not fragile,37.0,1703.0,1,standard,3,north,3.0,1.0,1,3
corporate,KA,334.0,central,24867.26,UPI,fan shop,-0.81,0.06,1,-20136.27,fragile,87.0,1562.0,0,standard,4,central,3.0,1.0,0,Other
corporate,GJ,161.0,east,4194.76,Credit,apparel,-1.75,0.16,3,-7326.26,not fragile,47.0,1457.0,0,standard,5,central,5.0,1.0,1,0
consumer,JK,118.0,west,2110.26,Credit,fan shop,-0.81,0.25,5,-1701.19,not fragile,116.0,1351.0,0,standard,3,central,3.0,3.0,1,8
corporate,PB,132.0,west,2926.26,Credit,golf,0.35,0.25,5,1023.11,not fragile,159.0,1442.0,1,1a,2,west,5.0,3.0,0,6
corporate,PB,177.0,south,3623.22,Cash,golf,0.41,0.12,4,1485.2,not fragile,181.0,36933.0,1,2a,3,north,3.0,3.0,1,8
